rank_test_score,mean_fit_time,std_fit_time,mean_score_time,std_score_time,param_columntransformer__countvectorizer__max_features,param_decisiontreeregressor__max_depth,params,split0_test_score,split1_test_score,split2_test_score,split3_test_score,split4_test_score,mean_test_score,std_test_score
1,0.09755082130432129,0.011433897099324603,0.029361581802368163,0.005694163099859796,400,5,"{'columntransformer__countvectorizer__max_features': 400, 'decisiontreeregressor__max_depth': 5}",0.19020363528278783,0.15012147551135846,0.045270547073995915,0.04763737916513411,0.049756653200862866,0.09659793804682784,0.06140446070743362
2,0.09804563522338867,0.013094915495647428,0.023351526260375975,0.003845873680585364,385,5,"{'columntransformer__countvectorizer__max_features': 385, 'decisiontreeregressor__max_depth': 5}",0.17720306765237015,0.15012147551135846,0.03668050875981976,0.06789476569250075,0.049756653200862866,0.0963312941633824,0.056514912878331575
3,0.13123869895935059,0.017300555897964594,0.031324911117553714,0.014561637287179983,212,5,"{'columntransformer__countvectorizer__max_features': 212, 'decisiontreeregressor__max_depth': 5}",0.17660550298127153,0.15772435057221013,0.049281176168051055,0.04438172775895011,0.0497397782178558,0.09554650713966772,0.058810231991173106
4,0.12504158020019532,0.014257889605167565,0.02364320755004883,0.0025153612177975966,266,6,"{'columntransformer__countvectorizer__max_features': 266, 'decisiontreeregressor__max_depth': 6}",0.18361004818553217,0.17056376289274855,0.04057480347121212,0.04495202158378275,-0.017736152406154115,0.0843928967454243,0.07896253785787112
5,0.10320754051208496,0.00928720327247488,0.026316499710083006,0.0072412643943643865,250,7,"{'columntransformer__countvectorizer__max_features': 250, 'decisiontreeregressor__max_depth': 7}",0.18853111398118172,0.18386026951231527,0.06589707814438905,0.08396176284566415,-0.11692724211464944,0.08106459647378014,0.11095514238961582
6,0.11239299774169922,0.01622213043713354,0.02733445167541504,0.005586193284379961,364,4,"{'columntransformer__countvectorizer__max_features': 364, 'decisiontreeregressor__max_depth': 4}",0.15184909001913138,0.1122407846433664,0.06004036437639326,0.052623629614292455,0.02521305003898411,0.08039338373843352,0.04549823902729052
7,0.11585378646850586,0.010910610695591951,0.02610297203063965,0.00760342445522825,225,7,"{'columntransformer__countvectorizer__max_features': 225, 'decisiontreeregressor__max_depth': 7}",0.18575838980992831,0.19146314457316693,0.06589707814438905,0.06942960338970383,-0.12192581596787222,0.07812447998986319,0.11373297022450506
8,0.12820777893066407,0.01973194170011904,0.022789621353149415,0.0036351371268311446,379,7,"{'columntransformer__countvectorizer__max_features': 379, 'decisiontreeregressor__max_depth': 7}",0.20191627845492932,0.19146314457316693,0.06589707814438905,0.06980542815102853,-0.1428538623512139,0.07724561339445998,0.12427094912929391
9,0.09714064598083497,0.008727375759121242,0.0330899715423584,0.0070005829263603304,315,7,"{'columntransformer__countvectorizer__max_features': 315, 'decisiontreeregressor__max_depth': 7}",0.17844557051781829,0.19146314457316693,0.02340263987965041,0.05396525921033035,-0.1429198261514073,0.06087135760591174,0.1215404096960878
10,0.116033935546875,0.012133854446040686,0.03528361320495606,0.010379788327067731,150,7,"{'columntransformer__countvectorizer__max_features': 150, 'decisiontreeregressor__max_depth': 7}",0.16518491150667525,0.18386026951231527,0.06589707814438905,0.05625292743265431,-0.17232480359156344,0.05977407660089409,0.12682949752541298
11,0.13115301132202148,0.037636279715337076,0.02768402099609375,0.008422362079415414,176,9,"{'columntransformer__countvectorizer__max_features': 176, 'decisiontreeregressor__max_depth': 9}",0.1722805536757237,0.1542766574151766,0.050945111739278515,0.09463032227854651,-0.18253539482699055,0.05791945005634695,0.12773256076128733
12,0.09877424240112305,0.006884621760249358,0.02364358901977539,0.004513381846131496,192,3,"{'columntransformer__countvectorizer__max_features': 192, 'decisiontreeregressor__max_depth': 3}",0.11147390537512925,0.10829236468503023,0.024932207725033018,0.03964282662225049,-0.00462559634888926,0.055943141611710746,0.04630347111815292
12,0.10143632888793945,0.016452536620945493,0.028121042251586913,0.006185837500860963,356,3,"{'columntransformer__countvectorizer__max_features': 356, 'decisiontreeregressor__max_depth': 3}",0.11147390537512925,0.10829236468503023,0.024932207725033018,0.03964282662225049,-0.00462559634888926,0.055943141611710746,0.04630347111815292
12,0.1271794319152832,0.012661747327336353,0.02861499786376953,0.011542673713465032,195,3,"{'columntransformer__countvectorizer__max_features': 195, 'decisiontreeregressor__max_depth': 3}",0.11147390537512925,0.10829236468503023,0.024932207725033018,0.03964282662225049,-0.00462559634888926,0.055943141611710746,0.04630347111815292
12,0.09216818809509278,0.008123071858634402,0.026102828979492187,0.003961932749232885,391,3,"{'columntransformer__countvectorizer__max_features': 391, 'decisiontreeregressor__max_depth': 3}",0.11147390537512925,0.10829236468503023,0.024932207725033018,0.03964282662225049,-0.00462559634888926,0.055943141611710746,0.04630347111815292
12,0.10174479484558105,0.008471656376222332,0.027426767349243163,0.009661267347730762,110,3,"{'columntransformer__countvectorizer__max_features': 110, 'decisiontreeregressor__max_depth': 3}",0.11147390537512925,0.10829236468503023,0.024932207725033018,0.03964282662225049,-0.00462559634888926,0.055943141611710746,0.04630347111815292
12,0.11466574668884277,0.015104157939997667,0.03099980354309082,0.007880371557926836,424,3,"{'columntransformer__countvectorizer__max_features': 424, 'decisiontreeregressor__max_depth': 3}",0.11147390537512925,0.10829236468503023,0.024932207725033018,0.03964282662225049,-0.00462559634888926,0.055943141611710746,0.04630347111815292
12,0.1065284252166748,0.005852234802770761,0.03032059669494629,0.018591533975504438,209,3,"{'columntransformer__countvectorizer__max_features': 209, 'decisiontreeregressor__max_depth': 3}",0.11147390537512925,0.10829236468503023,0.024932207725033018,0.03964282662225049,-0.00462559634888926,0.055943141611710746,0.04630347111815292
19,0.10341954231262207,0.011430973902224008,0.040857458114624025,0.013526237765963822,379,8,"{'columntransformer__countvectorizer__max_features': 379, 'decisiontreeregressor__max_depth': 8}",0.18864512172160675,0.1779499372216169,0.005727161970536798,0.09253832202202306,-0.19719946022853985,0.05353221654144873,0.1417098723509765
20,0.1299407958984375,0.020026663288911683,0.021788978576660158,0.0034506279147313965,330,8,"{'columntransformer__countvectorizer__max_features': 330, 'decisiontreeregressor__max_depth': 8}",0.16870189137238145,0.1707694441085903,0.04809107445622962,0.09986353768593681,-0.22263806404066622,0.05295757671649439,0.14522616272327774
21,0.11352624893188476,0.015365857385845958,0.028889894485473633,0.009059691272248767,227,11,"{'columntransformer__countvectorizer__max_features': 227, 'decisiontreeregressor__max_depth': 11}",0.1513697723485814,0.1233560315224902,0.021351622133715886,0.147577508659552,-0.19232135420037566,0.05026671609279276,0.13016783079658298
22,0.13919506072998047,0.01593895923043119,0.02375764846801758,0.0035514204613092595,236,9,"{'columntransformer__countvectorizer__max_features': 236, 'decisiontreeregressor__max_depth': 9}",0.1625179895777462,0.18541353243671688,0.021149327843592025,0.12102174083485917,-0.2430459083057248,0.049411336477437895,0.1566829559663152
23,0.09890813827514648,0.017306177749872326,0.020173120498657226,0.00028504045055044523,261,8,"{'columntransformer__countvectorizer__max_features': 261, 'decisiontreeregressor__max_depth': 8}",0.17829831413209796,0.16656064265515091,0.03549040704799822,0.07771975789366026,-0.21519574297031263,0.04857467575171894,0.14236880166254728
24,0.12472047805786132,0.02847071419159446,0.038841772079467776,0.02298830128803343,249,8,"{'columntransformer__countvectorizer__max_features': 249, 'decisiontreeregressor__max_depth': 8}",0.1721820802883932,0.17414849969119106,0.025075569700378386,0.06483390620629514,-0.20319916572257823,0.04660817803273591,0.13801078070903913
25,0.12321224212646484,0.014975103119990374,0.030220651626586915,0.012918824857834231,304,11,"{'columntransformer__countvectorizer__max_features': 304, 'decisiontreeregressor__max_depth': 11}",0.14868790163711543,0.125632200907992,0.0527485470111938,0.10420163611851985,-0.2113159348426219,0.043990870166439835,0.13153735074739153
26,0.10844531059265136,0.011215588038179873,0.024890327453613283,0.004921808702265771,419,9,"{'columntransformer__countvectorizer__max_features': 419, 'decisiontreeregressor__max_depth': 9}",0.1308291059786032,0.18960402372575524,0.050945111739278515,0.11125478661630739,-0.26282378434277076,0.043961848743434714,0.15965719127610703
27,0.10451602935791016,0.016597050434973823,0.023995161056518555,0.007636762484080215,105,9,"{'columntransformer__countvectorizer__max_features': 105, 'decisiontreeregressor__max_depth': 9}",0.16607390928082022,0.17606679353646193,-0.007079560986513744,0.10253519963728053,-0.22452341519406094,0.042614585254797596,0.14864346340600154
28,0.13909649848937988,0.01060204704608796,0.026908206939697265,0.007089590459242278,104,8,"{'columntransformer__countvectorizer__max_features': 104, 'decisiontreeregressor__max_depth': 8}",0.17783207653307986,0.18175137475204273,-0.016314543654802227,0.07947519300777861,-0.22763663789388877,0.03902149254884204,0.15195087022755052
29,0.12747368812561036,0.019819242560974296,0.030112266540527344,0.003691719530245024,201,9,"{'columntransformer__countvectorizer__max_features': 201, 'decisiontreeregressor__max_depth': 9}",0.15765491509150387,0.1709247567525075,0.060293067801569955,0.09575192204910976,-0.3077875162428301,0.0353674290903722,0.17626849365502306
30,0.11361684799194335,0.008577937007400662,0.02703409194946289,0.006630251844246055,231,2,"{'columntransformer__countvectorizer__max_features': 231, 'decisiontreeregressor__max_depth': 2}",0.08185882791148114,0.07941426822631459,-0.013460111675449582,0.03239450225115137,-0.006278682525624912,0.03478576083757452,0.04056414218590323
30,0.11135272979736328,0.03581506685356039,0.030181217193603515,0.009385333952015348,308,2,"{'columntransformer__countvectorizer__max_features': 308, 'decisiontreeregressor__max_depth': 2}",0.08185882791148114,0.07941426822631459,-0.013460111675449582,0.03239450225115137,-0.006278682525624912,0.03478576083757452,0.04056414218590323
30,0.09844555854797363,0.010627758522850238,0.027140188217163085,0.006145790045595368,436,2,"{'columntransformer__countvectorizer__max_features': 436, 'decisiontreeregressor__max_depth': 2}",0.08185882791148114,0.07941426822631459,-0.013460111675449582,0.03239450225115137,-0.006278682525624912,0.03478576083757452,0.04056414218590323
30,0.10118827819824219,0.02077597290774494,0.025658607482910156,0.008370645231144695,335,2,"{'columntransformer__countvectorizer__max_features': 335, 'decisiontreeregressor__max_depth': 2}",0.08185882791148114,0.07941426822631459,-0.013460111675449582,0.03239450225115137,-0.006278682525624912,0.03478576083757452,0.04056414218590323
34,0.10530605316162109,0.018762381998012327,0.031902217864990236,0.01231518082741494,181,12,"{'columntransformer__countvectorizer__max_features': 181, 'decisiontreeregressor__max_depth': 12}",0.14930904121678856,0.14594905326954022,-0.05252317984370891,0.15710135399892455,-0.22845227717754701,0.03427679829279948,0.1531990758654387
35,0.10709619522094727,0.007872710418973866,0.024554109573364256,0.006929676453632936,288,12,"{'columntransformer__countvectorizer__max_features': 288, 'decisiontreeregressor__max_depth': 12}",0.1619089055721643,0.14038804526432858,-0.022440310751240533,0.15763368061586924,-0.27007269775911436,0.033483524588401446,0.16649851155395282
36,0.11185255050659179,0.005940938018060769,0.026855850219726564,0.008422577712228293,384,12,"{'columntransformer__countvectorizer__max_features': 384, 'decisiontreeregressor__max_depth': 12}",0.10118010607146144,0.13827014945808014,-0.012815521128263674,0.1244900726456526,-0.19202597144016642,0.031819767121352815,0.12395930757644205
37,0.10304288864135742,0.018026455817711822,0.03158888816833496,0.011621439821380955,326,12,"{'columntransformer__countvectorizer__max_features': 326, 'decisiontreeregressor__max_depth': 12}",0.13059815481814918,0.13430323796517551,-0.0003891427868358832,0.1386311753979349,-0.25125132791919036,0.03037841949504667,0.15021649704358622
38,0.10505790710449218,0.018095024558128146,0.03800787925720215,0.018469719556509893,252,14,"{'columntransformer__countvectorizer__max_features': 252, 'decisiontreeregressor__max_depth': 14}",0.12233398566232834,0.12915840868755035,0.004534262382584586,0.16543603052351585,-0.2719092772737133,0.02991068199645317,0.1603112902409005
39,0.12533068656921387,0.024029639978983355,0.031801271438598636,0.003924514941640951,102,8,"{'columntransformer__countvectorizer__max_features': 102, 'decisiontreeregressor__max_depth': 8}",0.1675515983702568,0.17078446213340182,-0.024495496448499354,0.05393559061923958,-0.22463749358195528,0.02862773221848871,0.14636544412342917
40,0.1146463394165039,0.012005050498711407,0.02534351348876953,0.005762682349932219,435,1,"{'columntransformer__countvectorizer__max_features': 435, 'decisiontreeregressor__max_depth': 1}",0.06202731258947458,0.045975657315939444,0.007649435145940964,0.020923006119421772,-0.0008600858100049624,0.02714306507215436,0.023556079707264314
40,0.12332596778869628,0.02431441708719408,0.02799687385559082,0.00616264220510451,368,1,"{'columntransformer__countvectorizer__max_features': 368, 'decisiontreeregressor__max_depth': 1}",0.06202731258947458,0.045975657315939444,0.007649435145940964,0.020923006119421772,-0.0008600858100049624,0.02714306507215436,0.023556079707264314
40,0.11482234001159668,0.013675432192301407,0.029377031326293945,0.008184806045521064,320,1,"{'columntransformer__countvectorizer__max_features': 320, 'decisiontreeregressor__max_depth': 1}",0.06202731258947458,0.045975657315939444,0.007649435145940964,0.020923006119421772,-0.0008600858100049624,0.02714306507215436,0.023556079707264314
40,0.1130589485168457,0.011527201582124147,0.029164218902587892,0.006745256124860102,113,1,"{'columntransformer__countvectorizer__max_features': 113, 'decisiontreeregressor__max_depth': 1}",0.06202731258947458,0.045975657315939444,0.007649435145940964,0.020923006119421772,-0.0008600858100049624,0.02714306507215436,0.023556079707264314
40,0.11488704681396485,0.015229941994629603,0.029903554916381837,0.007203505110329086,431,1,"{'columntransformer__countvectorizer__max_features': 431, 'decisiontreeregressor__max_depth': 1}",0.06202731258947458,0.045975657315939444,0.007649435145940964,0.020923006119421772,-0.0008600858100049624,0.02714306507215436,0.023556079707264314
45,0.10257015228271485,0.014259216764980305,0.030700063705444335,0.009776451902150023,321,12,"{'columntransformer__countvectorizer__max_features': 321, 'decisiontreeregressor__max_depth': 12}",0.10084342911801203,0.1338984408984436,-0.04518646666731008,0.134677750044495,-0.1959746708814767,0.025651696502432774,0.1291465266726716
46,0.10754222869873047,0.013448630258829915,0.035349369049072266,0.006475832136689896,177,12,"{'columntransformer__countvectorizer__max_features': 177, 'decisiontreeregressor__max_depth': 12}",0.1247247494398287,0.10774909451352022,-0.004589365256246092,0.1444062812556297,-0.25985339121474804,0.0224874737475969,0.15035672208378809
47,0.13048205375671387,0.013796520755586421,0.025573158264160158,0.005106591162494872,202,16,"{'columntransformer__countvectorizer__max_features': 202, 'decisiontreeregressor__max_depth': 16}",0.07830916998685467,0.14688183660151477,0.03546037929431367,0.11418270424457655,-0.2734999358526362,0.02026683085492469,0.15149272010407017
48,0.1127324104309082,0.019086020108973804,0.03529148101806641,0.014004761835218876,323,15,"{'columntransformer__countvectorizer__max_features': 323, 'decisiontreeregressor__max_depth': 15}",0.08949798115539453,0.15877151789388455,0.043028024419348054,0.06250690353520194,-0.28583273125922526,0.013594339148920765,0.15475989621012262
49,0.12608737945556642,0.047530590974528636,0.02836766242980957,0.006143219767070701,363,15,"{'columntransformer__countvectorizer__max_features': 363, 'decisiontreeregressor__max_depth': 15}",0.10926029125763081,0.1379210398510835,-0.016245412334213727,0.08574590515096214,-0.2589737753590442,0.011541609713283708,0.14489835796255301
50,0.13553986549377442,0.014223869000446887,0.03026261329650879,0.006773683081773102,198,19,"{'columntransformer__countvectorizer__max_features': 198, 'decisiontreeregressor__max_depth': 19}",0.0888005410651701,0.19348944115398448,-0.024931625639285748,0.12234845833341479,-0.3362047779044812,0.00870040740176048,0.1863167187270898
51,0.09889531135559082,0.010543113587702903,0.030997800827026366,0.00795942662237809,276,13,"{'columntransformer__countvectorizer__max_features': 276, 'decisiontreeregressor__max_depth': 13}",0.1164076538594766,0.15140920136292868,-0.14308540425811644,0.16189699427078552,-0.24424977353739918,0.008475734339535034,0.16879473884582416
52,0.1329801559448242,0.014619755920035732,0.030170917510986328,0.011936458432641501,358,14,"{'columntransformer__countvectorizer__max_features': 358, 'decisiontreeregressor__max_depth': 14}",0.08152233219180094,0.1192143801725617,0.042737071578048735,0.11324789169225191,-0.3222270729121339,0.006898920544505871,0.16679437181143153
53,0.10934338569641114,0.023859219559052864,0.0233060359954834,0.004216883565140143,382,13,"{'columntransformer__countvectorizer__max_features': 382, 'decisiontreeregressor__max_depth': 13}",0.11440139342268363,0.10978262109819192,-0.12644043073617617,0.1549157688522408,-0.2219021364112863,0.006151443245130772,0.1511140877284274
54,0.10108647346496583,0.010060128047957096,0.02713437080383301,0.004882613838799892,283,13,"{'columntransformer__countvectorizer__max_features': 283, 'decisiontreeregressor__max_depth': 13}",0.0843576433817107,0.11617676146158151,-0.12352834067730867,0.17385380105067805,-0.23369490550647343,0.003432991942037633,0.15533964637669556
55,0.10506119728088378,0.017851758284956217,0.02946023941040039,0.01213774946487864,411,17,"{'columntransformer__countvectorizer__max_features': 411, 'decisiontreeregressor__max_depth': 17}",0.029114583928976256,0.1787404995985843,0.014878459042202197,0.09452686584329562,-0.30575202951902813,0.002301675778806045,0.16456630098643327
56,0.12868857383728027,0.02749946824752692,0.021756839752197266,0.001868031768204366,101,12,"{'columntransformer__countvectorizer__max_features': 101, 'decisiontreeregressor__max_depth': 12}",0.17105112263583577,0.14686055399915776,-0.17921398364977037,0.12192808077985651,-0.25765410201373595,0.0005943343502687437,0.18121505887320938
57,0.12064781188964843,0.030668013182135696,0.02054896354675293,0.0009689765478330141,167,15,"{'columntransformer__countvectorizer__max_features': 167, 'decisiontreeregressor__max_depth': 15}",0.08377421880340541,0.15168248797535544,-0.005948364408793871,0.07359981239724556,-0.31510831631880953,-0.0024000323103194,0.16415996013424608
58,0.1137777328491211,0.025328175327056755,0.03214483261108399,0.014279452304510245,250,13,"{'columntransformer__countvectorizer__max_features': 250, 'decisiontreeregressor__max_depth': 13}",0.11055000034042795,0.12281984255697187,-0.16973078784082363,0.13553287684072612,-0.21370061009358277,-0.0029057356392560908,0.1549899684515881
59,0.10508456230163574,0.01597872881367613,0.02976388931274414,0.008755024807364098,138,16,"{'columntransformer__countvectorizer__max_features': 138, 'decisiontreeregressor__max_depth': 16}",0.05298976100674091,0.13828599991436086,-0.02898465542508788,0.114022545254849,-0.31478355430782234,-0.00769398071139189,0.16405174975421669
60,0.11614871025085449,0.033014887984102605,0.0281160831451416,0.00478553177731321,236,15,"{'columntransformer__countvectorizer__max_features': 236, 'decisiontreeregressor__max_depth': 15}",0.04164488258854748,0.15664471914803813,0.02028746146399074,0.07468582185552541,-0.33389875147200065,-0.008127173283179778,0.16936324209718973
61,0.10462732315063476,0.009314210247066997,0.029368066787719728,0.012009535345935995,246,14,"{'columntransformer__countvectorizer__max_features': 246, 'decisiontreeregressor__max_depth': 14}",0.103645669693603,0.12869282012108285,-0.10748315609639225,0.09464690043081914,-0.29376357919686313,-0.014852269009550079,0.16310059619231754
62,0.11704177856445312,0.009571570648115296,0.03135237693786621,0.0062347703498239,388,24,"{'columntransformer__countvectorizer__max_features': 388, 'decisiontreeregressor__max_depth': 24}",0.08162518666688212,0.14724807960534714,-0.07858664301924678,0.09766586480357098,-0.33685230061982785,-0.01777996251265488,0.17660576816901746
63,0.12729382514953613,0.011589600069012296,0.026312541961669923,0.00981234061148049,227,18,"{'columntransformer__countvectorizer__max_features': 227, 'decisiontreeregressor__max_depth': 18}",0.05079086094593932,0.12879731107550085,0.02089370725206008,0.04483494841936131,-0.3406384643413256,-0.01906432732969281,0.16482263133717945
64,0.11776280403137207,0.01134737725136456,0.02724156379699707,0.005945570597680015,229,17,"{'columntransformer__countvectorizer__max_features': 229, 'decisiontreeregressor__max_depth': 17}",0.01913511416361724,0.15983462565835482,-0.023745523553764913,0.0604091600785952,-0.32408686896917316,-0.02169069852447416,0.16297622114252663
65,0.10539364814758301,0.009393802791029447,0.028695964813232423,0.006567544462835704,220,15,"{'columntransformer__countvectorizer__max_features': 220, 'decisiontreeregressor__max_depth': 15}",0.011702809868194053,0.12356259608143338,0.017461837045552042,0.0483717178290638,-0.3137295853999367,-0.022526124915138678,0.15095597436649438
66,0.1029137134552002,0.015310072753749498,0.02954416275024414,0.011190459285408533,263,15,"{'columntransformer__countvectorizer__max_features': 263, 'decisiontreeregressor__max_depth': 15}",0.058428774200964706,0.12837245496097105,-0.12341548483030818,0.04029173452672896,-0.2653004893282507,-0.032324602093978826,0.1427642565557256
67,0.1222470760345459,0.02726890163271794,0.02905573844909668,0.009093571171798502,177,22,"{'columntransformer__countvectorizer__max_features': 177, 'decisiontreeregressor__max_depth': 22}",0.03969855353318619,0.1295504335286165,-0.1375412195049952,0.12569427644721742,-0.3506819261832761,-0.03865597643585024,0.18362043402364464
68,0.11750359535217285,0.01646424153703819,0.028289318084716797,0.004391809967625994,437,18,"{'columntransformer__countvectorizer__max_features': 437, 'decisiontreeregressor__max_depth': 18}",0.048602032002568074,0.16524184676145626,-0.15275335765476683,0.10249504715591518,-0.3766489609892878,-0.04261267854482302,0.19813686499624525
69,0.15338902473449706,0.010339308803556064,0.02714858055114746,0.008186015165848994,169,23,"{'columntransformer__countvectorizer__max_features': 169, 'decisiontreeregressor__max_depth': 23}",0.02144980368551297,0.11932072882412748,-0.022742699330064786,0.05324465301853776,-0.41575721022091416,-0.04889694480456015,0.18918205815971376
70,0.10788145065307617,0.012756821877425066,0.031040048599243163,0.01570452906509968,359,21,"{'columntransformer__countvectorizer__max_features': 359, 'decisiontreeregressor__max_depth': 21}",0.02009733532441682,0.15370799886878128,-0.18470725183742398,0.11364263867037139,-0.34993899389593763,-0.04943965457395842,0.19041920713815869
71,0.10852255821228027,0.003405401564945124,0.028405141830444337,0.0058594205771973365,152,24,"{'columntransformer__countvectorizer__max_features': 152, 'decisiontreeregressor__max_depth': 24}",0.043426049463741956,0.1447373883521743,-0.1689546927481369,0.0820380595987662,-0.3533295571397168,-0.05041655049463425,0.18452278878937525
72,0.1266160488128662,0.02471639602691477,0.027108097076416017,0.004361830226936676,221,17,"{'columntransformer__countvectorizer__max_features': 221, 'decisiontreeregressor__max_depth': 17}",0.04235861833204657,0.13231713354414687,-0.1903219343400948,0.11182378551801664,-0.3513714153586538,-0.0510387624609077,0.18892653029064665
73,0.10958099365234375,0.00541609300366581,0.03920726776123047,0.012104577423863108,372,24,"{'columntransformer__countvectorizer__max_features': 372, 'decisiontreeregressor__max_depth': 24}",0.043360344389757555,0.1309755618827474,-0.16724453212291412,0.10769909513864406,-0.40026936346655684,-0.05709577883566439,0.20125628905475823
74,0.1253739356994629,0.014731929275213473,0.026537370681762696,0.005377221710408501,435,27,"{'columntransformer__countvectorizer__max_features': 435, 'decisiontreeregressor__max_depth': 27}",-0.04863598927912993,0.16577910107158855,0.011415030019162331,0.012204208374921643,-0.4265822062899667,-0.05716397122068482,0.19786924779372855
75,0.11232438087463378,0.01851014881381956,0.03140082359313965,0.00590136098486805,435,25,"{'columntransformer__countvectorizer__max_features': 435, 'decisiontreeregressor__max_depth': 25}",-0.06963987675433914,0.11458329595118,0.01777318871103606,0.08097685614572314,-0.43082884051214965,-0.057427075291709914,0.1969651372948234
76,0.12954096794128417,0.018357911545222906,0.030585241317749024,0.011333992746430684,430,17,"{'columntransformer__countvectorizer__max_features': 430, 'decisiontreeregressor__max_depth': 17}",0.0923635341970811,0.15291739748074074,-0.18365498784585,0.027153599375976722,-0.3835948857617699,-0.05896306851076427,0.19806213396959474
77,0.10547933578491211,0.010124951372178198,0.020306110382080078,0.0003573239624662254,344,26,"{'columntransformer__countvectorizer__max_features': 344, 'decisiontreeregressor__max_depth': 26}",0.03670414874006078,0.14841086602655973,-0.15947444814449918,0.04258763879884386,-0.3805523530531023,-0.06246482952642742,0.1875791060082994
78,0.11729292869567871,0.008337980905439005,0.03710541725158691,0.010257036584424678,211,24,"{'columntransformer__countvectorizer__max_features': 211, 'decisiontreeregressor__max_depth': 24}",0.031074808218890193,0.1795910635350113,-0.19487191052387964,0.053417728231367034,-0.40278947210543126,-0.06671555652880848,0.20689690207073339
79,0.14454255104064942,0.03039986426269171,0.025700473785400392,0.0062576737385002775,322,19,"{'columntransformer__countvectorizer__max_features': 322, 'decisiontreeregressor__max_depth': 19}",-0.02686826869861547,0.1616604785112623,-0.16842549761713665,0.019915875057488264,-0.3647423937164327,-0.07569196129268685,0.17889128165148913
80,0.10964951515197754,0.007540127002949589,0.022306203842163086,0.005219984829685471,412,21,"{'columntransformer__countvectorizer__max_features': 412, 'decisiontreeregressor__max_depth': 21}",0.08663815578734346,0.11473435638699858,-0.19743599739637618,-0.05038271230985858,-0.3364672547592118,-0.0765826904582209,0.17092407933200787
81,0.11942095756530761,0.00648825820281368,0.02625889778137207,0.003576544768925317,150,28,"{'columntransformer__countvectorizer__max_features': 150, 'decisiontreeregressor__max_depth': 28}",-0.08008703464143085,0.14625229491746483,-0.12478174209391968,0.0668045670704126,-0.39663547442929703,-0.07768947783535403,0.18707133664559375
82,0.11266164779663086,0.011933903880449662,0.02597842216491699,0.006138806259369199,195,25,"{'columntransformer__countvectorizer__max_features': 195, 'decisiontreeregressor__max_depth': 25}",0.0023960034537041652,0.08819386988227029,-0.1687758696003565,-0.028557268332824348,-0.31009303255831133,-0.08336725943110354,0.14035091760818363
83,0.09797768592834473,0.010590954763307457,0.025951385498046875,0.006419265172284363,156,26,"{'columntransformer__countvectorizer__max_features': 156, 'decisiontreeregressor__max_depth': 26}",0.01664470172943,0.15699040418205457,-0.18921056003080117,-0.013714779027079294,-0.39012002142032176,-0.08388205091334353,0.18863955209747826
84,0.13337717056274415,0.03267576623044939,0.02788228988647461,0.004529054649016773,121,24,"{'columntransformer__countvectorizer__max_features': 121, 'decisiontreeregressor__max_depth': 24}",0.05068675413397361,0.14845452817263727,-0.08364399658649879,-0.19286822879432775,-0.3765458469907932,-0.09078335801300177,0.1840549104198262
85,0.1331298828125,0.018494233799188877,0.02633066177368164,0.007018335860724181,296,24,"{'columntransformer__countvectorizer__max_features': 296, 'decisiontreeregressor__max_depth': 24}",-0.00966797037931344,0.11672514421823588,-0.19428083972354226,0.04281800900587229,-0.41125653091437475,-0.09113243755862446,0.19021197852174193
86,0.10378799438476563,0.006445743750012945,0.027307462692260743,0.008282809042617368,198,25,"{'columntransformer__countvectorizer__max_features': 198, 'decisiontreeregressor__max_depth': 25}",0.012752982666729418,0.08237439449139738,-0.11015185926930315,-0.0011599391933834191,-0.4543306812996548,-0.09410302052084292,0.19037984799269936
87,0.14055800437927246,0.01888565990537591,0.026171255111694335,0.007560283749547605,108,18,"{'columntransformer__countvectorizer__max_features': 108, 'decisiontreeregressor__max_depth': 18}",0.068750689549676,0.1162959184792054,-0.10566910190903522,-0.14383901993635884,-0.4093133770999251,-0.09475497818328756,0.1858773423219523
88,0.10997748374938965,0.02233211232331514,0.02939128875732422,0.0082080606038933,328,27,"{'columntransformer__countvectorizer__max_features': 328, 'decisiontreeregressor__max_depth': 27}",-0.06859117277261628,0.13082842060104938,-0.23058992589842742,0.05849106729518461,-0.37293376864499317,-0.09655907588396058,0.18486484988574495
89,0.11418132781982422,0.01669193224416221,0.04467964172363281,0.01594723264837909,247,25,"{'columntransformer__countvectorizer__max_features': 247, 'decisiontreeregressor__max_depth': 25}",0.016022663580816054,0.09435723141597019,-0.21844365299411939,0.03287517565977438,-0.42918684744321567,-0.10087508595615488,0.19559184786781125
90,0.12977728843688965,0.015705924197823132,0.02711944580078125,0.007759198395380212,232,25,"{'columntransformer__countvectorizer__max_features': 232, 'decisiontreeregressor__max_depth': 25}",-0.03916389270799847,0.13916321732612114,-0.16648499020592866,-0.04757511841933826,-0.39920439354004356,-0.10265303550943757,0.17751437954726246
91,0.11889181137084961,0.011641408329555097,0.03511996269226074,0.010469622410112858,175,29,"{'columntransformer__countvectorizer__max_features': 175, 'decisiontreeregressor__max_depth': 29}",-0.022364049841220313,0.10939924490760156,-0.22065428510400897,-0.021542798634203164,-0.36388887475317766,-0.10381015268500171,0.16742349021933933
92,0.11581120491027833,0.014310008628578256,0.02889113426208496,0.010461729012008113,341,26,"{'columntransformer__countvectorizer__max_features': 341, 'decisiontreeregressor__max_depth': 26}",0.001232775074944903,0.08021499383074693,-0.18849788388590483,-0.0048451740726962456,-0.4089205298292926,-0.10416316377644037,0.176043783864806
93,0.12341389656066895,0.026072722351603458,0.024325084686279298,0.00833650611236487,196,28,"{'columntransformer__countvectorizer__max_features': 196, 'decisiontreeregressor__max_depth': 28}",-0.036625573169634995,0.09523726047989922,-0.18244438882740566,0.010668526948018231,-0.4173210283831623,-0.1060970405904571,0.179825065825697
94,0.13054466247558594,0.023946296992831073,0.02462453842163086,0.0038593568395083014,390,25,"{'columntransformer__countvectorizer__max_features': 390, 'decisiontreeregressor__max_depth': 25}",-0.02952467218193444,0.11588268537367341,-0.1894175684161219,0.02328754887680151,-0.45836017180263666,-0.10762643563004362,0.2014440999667318
95,0.12270808219909668,0.021600030179514854,0.02263927459716797,0.00384953553583166,268,28,"{'columntransformer__countvectorizer__max_features': 268, 'decisiontreeregressor__max_depth': 28}",-0.04135793494732187,0.10537967624955336,-0.21456959049604163,0.050623585938479265,-0.4596886250415424,-0.11192257765937466,0.20498708574515967
96,0.13193879127502442,0.020535581419630307,0.030237627029418946,0.006219131951385575,156,28,"{'columntransformer__countvectorizer__max_features': 156, 'decisiontreeregressor__max_depth': 28}",-0.03479197438060844,0.09432899517098481,-0.11063717157792641,-0.05615983724144691,-0.4547512216369094,-0.11240224193318127,0.18391862629285397
97,0.10367069244384766,0.007872835705682561,0.02142949104309082,0.002447876995029496,229,28,"{'columntransformer__countvectorizer__max_features': 229, 'decisiontreeregressor__max_depth': 28}",0.004408248187013575,0.08680341988563711,-0.17570308390545986,-0.04773222577436176,-0.43316411700410895,-0.11307755172225598,0.18132991709568297
98,0.13502202033996583,0.026223543970273305,0.03114180564880371,0.009094405576998105,283,25,"{'columntransformer__countvectorizer__max_features': 283, 'decisiontreeregressor__max_depth': 25}",-0.04656595400600083,0.08032024875025046,-0.16425167601329904,-0.016479782115642605,-0.4203773852537602,-0.11347090972769044,0.17216784600162008
99,0.11962656974792481,0.009861203984817253,0.03217897415161133,0.007066102360033706,430,27,"{'columntransformer__countvectorizer__max_features': 430, 'decisiontreeregressor__max_depth': 27}",-0.05370793574032806,0.09425338975139108,-0.2595195919491744,0.006088180844823876,-0.38067018108403494,-0.11871122763546449,0.1752733506985798
100,0.12722401618957518,0.01132413326937147,0.024399185180664064,0.003992652227344001,116,27,"{'columntransformer__countvectorizer__max_features': 116, 'decisiontreeregressor__max_depth': 27}",0.023568398263962176,0.06374968335094322,-0.13527935023038018,-0.12903545483716705,-0.475129987574634,-0.13042534220545515,0.1898761693175234
