rank_test_score,mean_fit_time,std_fit_time,mean_score_time,std_score_time,param_columntransformer__countvectorizer__max_features,param_svr__C,param_svr__gamma,params,split0_test_score,split1_test_score,split2_test_score,split3_test_score,split4_test_score,mean_test_score,std_test_score
1,0.21368627548217772,0.01672281905293297,0.0479485034942627,0.0028090995289390764,308,7.3113454769910735,0.0019814349276640365,"{'columntransformer__countvectorizer__max_features': 308, 'svr__C': 7.3113454769910735, 'svr__gamma': 0.0019814349276640365}",0.40268882244115256,0.3924987359703471,0.3772040023765959,0.3759983248105242,0.351377436694732,0.3799534644586704,0.017401565297614958
2,0.2172828197479248,0.009196547735113268,0.049821662902832034,0.00686161160742757,225,2.4677723440274604,0.003338706977300559,"{'columntransformer__countvectorizer__max_features': 225, 'svr__C': 2.4677723440274604, 'svr__gamma': 0.003338706977300559}",0.3739112682376675,0.3601579673310774,0.364869019363791,0.3391845720273572,0.33897737413518014,0.3554200402190147,0.014054240421895832
3,0.22906966209411622,0.016463629585408656,0.04411406517028808,0.004953529475958875,379,2.146198476246285,0.0036328920097844536,"{'columntransformer__countvectorizer__max_features': 379, 'svr__C': 2.146198476246285, 'svr__gamma': 0.0036328920097844536}",0.37088322186179346,0.3579659560944074,0.36512453488820373,0.3350836685723896,0.3381910382261216,0.3534496839285831,0.014358021401370182
4,0.21706714630126953,0.007768354530681581,0.04723997116088867,0.005200353031116601,437,6.1792472104746325,0.057036582128035716,"{'columntransformer__countvectorizer__max_features': 437, 'svr__C': 6.1792472104746325, 'svr__gamma': 0.057036582128035716}",0.3654598689255695,0.3737265698961818,0.31467629328649027,0.3274742769058264,0.3220231100039769,0.34067202380360895,0.024103032163522567
5,0.36183829307556153,0.021222499171323666,0.055341672897338864,0.0019178981999514312,175,118.90306623558558,0.0012825869301190313,"{'columntransformer__countvectorizer__max_features': 175, 'svr__C': 118.90306623558558, 'svr__gamma': 0.0012825869301190313}",0.4102827984120204,0.3510030753140422,0.3081200308372012,0.3822828134716584,0.24481981019508592,0.3393017056460016,0.05817514696872984
6,0.23856968879699708,0.010914515229039376,0.052350854873657225,0.004770741383093823,391,5109.0702249872065,0.04491071747107046,"{'columntransformer__countvectorizer__max_features': 391, 'svr__C': 5109.0702249872065, 'svr__gamma': 0.04491071747107046}",0.37003499409062357,0.36106202530351494,0.31112388433020854,0.32473608800232356,0.3142816804050914,0.3362477344263524,0.024509432158528834
7,0.23096389770507814,0.014289285707252762,0.0581362247467041,0.011872485802963127,312,97.7074998305957,0.04589739155617633,"{'columntransformer__countvectorizer__max_features': 312, 'svr__C': 97.7074998305957, 'svr__gamma': 0.04589739155617633}",0.3706250493690826,0.35466044673019426,0.3173059801021655,0.3192562671767596,0.30499958472557864,0.3333694656207561,0.024913259426912294
8,0.2982318878173828,0.021458614617629584,0.046381139755249025,0.007225569816892685,192,11.231704682121046,0.01915631864843832,"{'columntransformer__countvectorizer__max_features': 192, 'svr__C': 11.231704682121046, 'svr__gamma': 0.01915631864843832}",0.38347135848660163,0.31814211415348637,0.29061915520832515,0.3374456114371329,0.2676309385244403,0.31946183556199725,0.03985152188326207
9,0.21483979225158692,0.007785071026532802,0.04189839363098145,0.0052223972510153085,304,3225.5272380164834,0.1272062767946053,"{'columntransformer__countvectorizer__max_features': 304, 'svr__C': 3225.5272380164834, 'svr__gamma': 0.1272062767946053}",0.30603187260263776,0.34967688642877737,0.29730665183110727,0.2743340959753098,0.2964481265302371,0.30475952667361383,0.024777084656902558
10,0.2390148162841797,0.016990147688129453,0.06079883575439453,0.011889800786936857,188,0.26973788347855704,0.05548096289578808,"{'columntransformer__countvectorizer__max_features': 188, 'svr__C': 0.26973788347855704, 'svr__gamma': 0.05548096289578808}",0.30441763759935214,0.3130977061824296,0.28606105653020175,0.25376371534847464,0.3099534853626207,0.2934587202046158,0.021946679733791028
11,0.36847991943359376,0.014823422621066439,0.05762672424316406,0.010874441429260733,212,60.72986785522943,0.021991913760241014,"{'columntransformer__countvectorizer__max_features': 212, 'svr__C': 60.72986785522943, 'svr__gamma': 0.021991913760241014}",0.3531449925593271,0.28874958371636794,0.27920162542585947,0.28711789654225606,0.2510837254561262,0.29185956473998736,0.03349910912023651
12,0.22955217361450195,0.021714845261307132,0.04509377479553223,0.004758045218459501,132,1.7762543238920123,0.1410648535047206,"{'columntransformer__countvectorizer__max_features': 132, 'svr__C': 1.7762543238920123, 'svr__gamma': 0.1410648535047206}",0.27799526947066555,0.33575918215048073,0.28905210772906764,0.26364701213577335,0.2805785565429174,0.2894064256057809,0.024578025629817465
13,0.21200089454650878,0.007183339294964922,0.05012621879577637,0.009351940877203025,338,1.0569114983822856,0.0025339127656317465,"{'columntransformer__countvectorizer__max_features': 338, 'svr__C': 1.0569114983822856, 'svr__gamma': 0.0025339127656317465}",0.2851519997115719,0.27857802794676645,0.2955362470465759,0.2527376738227344,0.2851611310821055,0.2794330159219508,0.014409749656110917
14,0.2107398509979248,0.02152729590202148,0.04741997718811035,0.0017927207709815295,374,1.2883492325734685,0.0020131603145300487,"{'columntransformer__countvectorizer__max_features': 374, 'svr__C': 1.2883492325734685, 'svr__gamma': 0.0020131603145300487}",0.28248250748813364,0.2754564576607177,0.29333289329891443,0.25146647016712353,0.2814406054893468,0.2768357868208472,0.01393376551992816
15,0.22665028572082518,0.017194712783747946,0.05274152755737305,0.01119197245190352,158,82.08781286227855,0.2076351304541143,"{'columntransformer__countvectorizer__max_features': 158, 'svr__C': 82.08781286227855, 'svr__gamma': 0.2076351304541143}",0.233314350789113,0.30026275811370806,0.26240420816560106,0.22303526040887378,0.24212261556489245,0.25222783860843767,0.027287191740561947
16,0.21866583824157715,0.020038715664996622,0.047520017623901366,0.00947475104411106,253,0.15036216873089092,0.06456549865349608,"{'columntransformer__countvectorizer__max_features': 253, 'svr__C': 0.15036216873089092, 'svr__gamma': 0.06456549865349608}",0.24700938566318886,0.27390552513758615,0.2601285171729306,0.1962118430314136,0.2698112561155308,0.24941330542413,0.028167127694045502
17,0.5206257343292237,0.03207798448187792,0.04850292205810547,0.006727178210890655,276,159.51023425544122,0.003957097400498673,"{'columntransformer__countvectorizer__max_features': 276, 'svr__C': 159.51023425544122, 'svr__gamma': 0.003957097400498673}",0.37749378362101627,0.24103209962872008,0.19214205148429064,0.2775917460643351,0.14555390723867379,0.24676271760740714,0.0791208203484488
18,0.20491104125976561,0.01522535172014168,0.041049528121948245,0.00609181787675486,198,0.25561150690611073,0.1327236816184204,"{'columntransformer__countvectorizer__max_features': 198, 'svr__C': 0.25561150690611073, 'svr__gamma': 0.1327236816184204}",0.2375778435893271,0.27382809123799834,0.2532335124739179,0.19291618277576228,0.26847744830383935,0.24520661567616903,0.029043550482639235
19,0.21502237319946288,0.015162794615569474,0.0493194580078125,0.005770487543246258,156,21.125135575739712,0.22037433791340294,"{'columntransformer__countvectorizer__max_features': 156, 'svr__C': 21.125135575739712, 'svr__gamma': 0.22037433791340294}",0.22343397573395607,0.291081297496829,0.2559209205866051,0.21270630612204544,0.23036295113614047,0.2427010902151152,0.02806616048135065
20,0.4970592975616455,0.0234558612438238,0.05412273406982422,0.0067950625011746375,167,104.787619403751,0.006793451538894223,"{'columntransformer__countvectorizer__max_features': 167, 'svr__C': 104.787619403751, 'svr__gamma': 0.006793451538894223}",0.31100940522011633,0.20913962178359724,0.15598647213448436,0.2712374224752573,0.1356016711352963,0.2165949185497503,0.06661646925792496
21,0.21059565544128417,0.016289665669769596,0.048237276077270505,0.008253392578647248,250,0.13191110283999083,0.10656215907960478,"{'columntransformer__countvectorizer__max_features': 250, 'svr__C': 0.13191110283999083, 'svr__gamma': 0.10656215907960478}",0.20599874727827794,0.23082934697488355,0.22306741435822008,0.1506558130110066,0.23628727766506818,0.20936771985749125,0.0310849920131389
22,0.44738969802856443,0.012107918332517452,0.04689569473266601,0.0035249958447182614,198,160.31873423829194,0.007731109165229405,"{'columntransformer__countvectorizer__max_features': 198, 'svr__C': 160.31873423829194, 'svr__gamma': 0.007731109165229405}",0.2896597710071076,0.20693357071474816,0.17622634437080076,0.22531772812740225,0.11577185553950109,0.202781853951912,0.0571818323624244
23,0.536391019821167,0.023467569016429202,0.050705337524414064,0.005266090820965765,223,4660.207139328414,0.005301605851373888,"{'columntransformer__countvectorizer__max_features': 223, 'svr__C': 4660.207139328414, 'svr__gamma': 0.005301605851373888}",0.3060510927068185,0.18818084692482095,0.14835680391964323,0.20083086424813368,0.12694677445536462,0.1940732764509562,0.061992548234217876
24,0.4776036262512207,0.025132867105766975,0.06132731437683105,0.012038605379595797,151,1166.4508737742108,0.00787349937749258,"{'columntransformer__countvectorizer__max_features': 151, 'svr__C': 1166.4508737742108, 'svr__gamma': 0.00787349937749258}",0.27658052462798444,0.2269080672601641,0.07877223591410587,0.1859866866009494,0.1370795662178973,0.18106541612422022,0.06877143771689427
25,0.22713522911071776,0.01307034772214033,0.04824142456054688,0.007968970889556153,207,0.5254081252625634,0.0015457459699343258,"{'columntransformer__countvectorizer__max_features': 207, 'svr__C': 0.5254081252625634, 'svr__gamma': 0.0015457459699343258}",0.17366485789818265,0.16898946540934712,0.17375514153006355,0.15018043917418777,0.1755125063790245,0.16842048207816113,0.009373172195829872
26,0.2282120704650879,0.01676365852665476,0.04635753631591797,0.006273725353332062,200,0.0844969227081577,0.012395394752300929,"{'columntransformer__countvectorizer__max_features': 200, 'svr__C': 0.0844969227081577, 'svr__gamma': 0.012395394752300929}",0.1720719219314799,0.1738231321048993,0.17307455600116994,0.135545390792989,0.17512818730791313,0.16592863762769025,0.015224326172449013
27,0.20354161262512208,0.01216713378032669,0.05367059707641601,0.011984712674056548,232,0.046677019952932775,0.02108318602970307,"{'columntransformer__countvectorizer__max_features': 232, 'svr__C': 0.046677019952932775, 'svr__gamma': 0.02108318602970307}",0.14677235081497808,0.14504023793980436,0.14626321383927632,0.10204043257724715,0.15209483662285317,0.1384422143588318,0.018360702235940544
28,0.2104008674621582,0.017042074570444196,0.05101146697998047,0.008119962284139687,336,0.1651217067653553,0.2559235557490051,"{'columntransformer__countvectorizer__max_features': 336, 'svr__C': 0.1651217067653553, 'svr__gamma': 0.2559235557490051}",0.11581607394817339,0.13478982020549846,0.1270322428335353,0.06079680484836614,0.13429808170625768,0.1145466047083662,0.027736085930769424
29,0.20806899070739746,0.006853571672619044,0.04712200164794922,0.0043036539185170595,300,4.8131544682687375,0.3987161675895086,"{'columntransformer__countvectorizer__max_features': 300, 'svr__C': 4.8131544682687375, 'svr__gamma': 0.3987161675895086}",0.10126699835062569,0.12368814814146734,0.12439818624356935,0.0800043986940231,0.09157404056194729,0.10418635439832655,0.01755675475403038
30,0.22911324501037597,0.04714248783365124,0.048893165588378903,0.0032422733246715066,400,0.12235646815506826,0.002069064426902789,"{'columntransformer__countvectorizer__max_features': 400, 'svr__C': 0.12235646815506826, 'svr__gamma': 0.002069064426902789}",0.08052735332905403,0.07946309423964537,0.070797454155762,0.06296457081141027,0.07923714073310051,0.07459792265379443,0.006784229108352416
31,0.2070998191833496,0.011465529654405036,0.05977010726928711,0.009889492494811922,360,0.032721128100458616,0.007405494762554089,"{'columntransformer__countvectorizer__max_features': 360, 'svr__C': 0.032721128100458616, 'svr__gamma': 0.007405494762554089}",0.05944084876984557,0.061298466808219376,0.05560247555158082,0.04037629301823764,0.06824863674636261,0.0569933441788492,0.009265709634667897
32,0.2215869426727295,0.018683689478922755,0.050257539749145506,0.0031162975554164976,101,289.8310717369359,0.5575744788582225,"{'columntransformer__countvectorizer__max_features': 101, 'svr__C': 289.8310717369359, 'svr__gamma': 0.5575744788582225}",0.0491294907292682,0.06796469837306118,0.06607561457449329,0.04283966790538485,0.03878130470684704,0.05295815525781091,0.011960682464745687
33,0.21925773620605468,0.017873249381110106,0.0419102668762207,0.0031300558983878676,430,55.00457445552852,0.5323644754169701,"{'columntransformer__countvectorizer__max_features': 430, 'svr__C': 55.00457445552852, 'svr__gamma': 0.5323644754169701}",0.03835303307100357,0.04555125240085456,0.05087899187278622,0.026909607548890047,0.02571261857108542,0.037481100692923965,0.00995635215804241
34,0.21623539924621582,0.013313490701685764,0.04827275276184082,0.004658581856685891,414,0.011639557366631262,0.12047152123959853,"{'columntransformer__countvectorizer__max_features': 414, 'svr__C': 0.011639557366631262, 'svr__gamma': 0.12047152123959853}",0.02661961107412769,0.03310551334093148,0.059807221637941055,0.025055485575096514,0.03110302010085697,0.03513817034579074,0.012674404190362254
35,0.22630109786987304,0.02676574067308112,0.05002470016479492,0.006694439165394952,138,2424.386262762978,0.6348911201435986,"{'columntransformer__countvectorizer__max_features': 138, 'svr__C': 2424.386262762978, 'svr__gamma': 0.6348911201435986}",0.02194372902964714,0.030433595062721808,0.0331055613215141,0.018357719149872498,0.012409947720488534,0.023250110456848817,0.007640466165272049
36,0.2065065860748291,0.010106702324188532,0.054360246658325194,0.007338250582392292,232,0.005655604365274428,0.009622141327911757,"{'columntransformer__countvectorizer__max_features': 232, 'svr__C': 0.005655604365274428, 'svr__gamma': 0.009622141327911757}",-0.0010603328162359649,0.00459564470738838,0.027949828404924215,0.029740276942633037,-0.007514692379394949,0.010742144971862943,0.01528020579063834
37,0.2582225322723389,0.014749960878325917,0.04819645881652832,0.002223966515288272,344,1026.7699692325336,0.7372519365575712,"{'columntransformer__countvectorizer__max_features': 344, 'svr__C': 1026.7699692325336, 'svr__gamma': 0.7372519365575712}",0.0035430788195698337,0.008911299598569511,0.009844116579758144,-0.0010446999090822917,-0.00422762633242324,0.0034052337512783916,0.005474622125689153
38,0.21999101638793944,0.02029693207266894,0.04533720016479492,0.0028814407907357545,230,1556.7170063330993,0.9345594490671635,"{'columntransformer__countvectorizer__max_features': 230, 'svr__C': 1556.7170063330993, 'svr__gamma': 0.9345594490671635}",-0.0033143113344209496,0.0003197973828166223,0.0002526186235377592,-0.007965122577152206,-0.009923958645579045,-0.004126195310159564,0.004194077737400551
39,0.22344131469726564,0.019006052896650093,0.050075531005859375,0.0032120518217924406,254,0.005480011325495234,0.0015761983043265646,"{'columntransformer__countvectorizer__max_features': 254, 'svr__C': 0.005480011325495234, 'svr__gamma': 0.0015761983043265646}",-0.014802478749698311,-0.007995160051294192,0.008339995957800328,0.013564813304236978,-0.024126991130882347,-0.005003964133967509,0.014096163092810187
40,0.24479737281799316,0.0166716005979639,0.04837508201599121,0.0068768292319235785,235,75.91534268264388,1.0225460198205134,"{'columntransformer__countvectorizer__max_features': 235, 'svr__C': 75.91534268264388, 'svr__gamma': 1.0225460198205134}",-0.005110732387710426,-0.0011403452888112398,-0.0017530070574200973,-0.009374399223655905,-0.011188266284483328,-0.005713350048416199,0.004008436753602852
41,0.19945034980773926,0.015027405548786317,0.048207426071166994,0.004711273223147991,404,0.13151848841217453,563.5467967084514,"{'columntransformer__countvectorizer__max_features': 404, 'svr__C': 0.13151848841217453, 'svr__gamma': 563.5467967084514}",-0.0036588774320425177,-0.0009216394300706199,-0.01126673204172346,-0.018088803928281383,-0.004141884964031117,-0.00761558755922982,0.006253802418550878
42,0.2441633701324463,0.00678856719890022,0.051595878601074216,0.010716647398747607,297,28.95824880136255,1.4051989485754788,"{'columntransformer__countvectorizer__max_features': 297, 'svr__C': 28.95824880136255, 'svr__gamma': 1.4051989485754788}",-0.007017651799772429,-0.0029154915764120215,-0.004722205513367106,-0.011316238246524168,-0.012588344098397153,-0.007711986246894576,0.003720127649846031
43,0.21567387580871583,0.015055374076078152,0.038138198852539065,0.0006142233887159344,265,1.195324260750905,1.9017485736879176,"{'columntransformer__countvectorizer__max_features': 265, 'svr__C': 1.195324260750905, 'svr__gamma': 1.9017485736879176}",-0.005821449687804181,-0.0024357672951280662,-0.0069238965778521955,-0.01328943961046769,-0.010416528151870663,-0.007777416264624559,0.003753260655408648
44,0.25217471122741697,0.02061357229757892,0.04823770523071289,0.005553085322216638,423,5708.021002403248,1.4092226016694942,"{'columntransformer__countvectorizer__max_features': 423, 'svr__C': 5708.021002403248, 'svr__gamma': 1.4092226016694942}",-0.00705937320663419,-0.003006778449015979,-0.004837007195516163,-0.011371817161890618,-0.012637834332446918,-0.0077825620691007735,0.0037003736487630605
45,0.2933680057525635,0.015072691503067758,0.05924525260925293,0.009773505648144217,179,1.357644946961676,350.9300253955309,"{'columntransformer__countvectorizer__max_features': 179, 'svr__C': 1.357644946961676, 'svr__gamma': 350.9300253955309}",-0.006239229430647919,-0.0027407440024371788,-0.006341851989419167,-0.012676530471814829,-0.011192257875515477,-0.007838122753966914,0.003617705567192473
46,0.2263406753540039,0.014968891592643706,0.04946799278259277,0.010210649212841741,384,0.0012597224327260904,0.0098858398780636,"{'columntransformer__countvectorizer__max_features': 384, 'svr__C': 0.0012597224327260904, 'svr__gamma': 0.0098858398780636}",-0.017726050723903874,-0.01085466850676009,0.006908011800602187,0.010370073950960124,-0.028053857470979215,-0.007871298190016173,0.01459128511451243
47,0.23810286521911622,0.008171312063046,0.048317766189575194,0.010112584252399087,240,0.6159843235168415,202.12362532502263,"{'columntransformer__countvectorizer__max_features': 240, 'svr__C': 0.6159843235168415, 'svr__gamma': 202.12362532502263}",-0.003105684085674021,-0.0006679831918328105,-0.012662733704958073,-0.017492177516054808,-0.0057051913660250975,-0.007926753972908962,0.006241708742135631
48,0.25920610427856444,0.0172017344914211,0.05857534408569336,0.00427448530592313,379,1.9177594617393376,3.0938758096451413,"{'columntransformer__countvectorizer__max_features': 379, 'svr__C': 1.9177594617393376, 'svr__gamma': 3.0938758096451413}",-0.007101777268420761,-0.003137174090159567,-0.005332506029892103,-0.011712628867991404,-0.012543962177606227,-0.007965609686814012,0.003633034431443143
49,0.21984658241271973,0.01161275138340483,0.04304318428039551,0.0026698376939911284,324,15.855059934625963,2.095458446458717,"{'columntransformer__countvectorizer__max_features': 324, 'svr__C': 15.855059934625963, 'svr__gamma': 2.095458446458717}",-0.007240479864587979,-0.0031587820895624397,-0.005155850002105389,-0.011566561951780185,-0.012752545885633682,-0.007974843958733935,0.0036717119528045894
50,0.2343297004699707,0.009513533132647262,0.04685864448547363,0.008651454142490592,214,102.03893518461526,2.2862033526925667,"{'columntransformer__countvectorizer__max_features': 214, 'svr__C': 102.03893518461526, 'svr__gamma': 2.2862033526925667}",-0.0072447668773873986,-0.003166397185274006,-0.005164366506595464,-0.011557472403733282,-0.012758890383788524,-0.007978378671355734,0.0036681117956767046
51,0.27181367874145507,0.016503237678419522,0.05278234481811524,0.007224721569374542,261,4515.079282411627,2.461377626415975,"{'columntransformer__countvectorizer__max_features': 261, 'svr__C': 4515.079282411627, 'svr__gamma': 2.461377626415975}",-0.007252736205591193,-0.003169038613144437,-0.00516766303364502,-0.011567897851343156,-0.012763647766175668,-0.007984196693979895,0.00366986948503917
52,0.23724050521850587,0.01116574093912759,0.05664801597595215,0.007694963523899224,388,794.4665279926453,3.7039634614495203,"{'columntransformer__countvectorizer__max_features': 388, 'svr__C': 794.4665279926453, 'svr__gamma': 3.7039634614495203}",-0.007261096668296663,-0.003173648181765909,-0.0051667919404148055,-0.011563687796239952,-0.012769940229055532,-0.007987032963154572,0.003669279975512402
53,0.2167741298675537,0.03245889624441264,0.04520812034606934,0.011240438640156633,225,1217.368037195969,9275.933937057644,"{'columntransformer__countvectorizer__max_features': 225, 'svr__C': 1217.368037195969, 'svr__gamma': 9275.933937057644}",-0.007261833611218682,-0.0031739862961108756,-0.00516614741021848,-0.011562921053675623,-0.012770294988812436,-0.00798703667200722,0.0036692042424458825
53,0.21413373947143555,0.02909546386327797,0.047301435470581056,0.006501225665823087,328,1914.960065384996,62.96836384869444,"{'columntransformer__countvectorizer__max_features': 328, 'svr__C': 1914.960065384996, 'svr__gamma': 62.96836384869444}",-0.007261833611218682,-0.0031739862961108756,-0.00516614741021848,-0.011562921053675623,-0.012770294988812436,-0.00798703667200722,0.0036692042424458825
53,0.22515382766723632,0.01793908311033996,0.053758764266967775,0.011007057800205446,264,5610.766328258851,85.21236704725882,"{'columntransformer__countvectorizer__max_features': 264, 'svr__C': 5610.766328258851, 'svr__gamma': 85.21236704725882}",-0.007261833611218682,-0.0031739862961108756,-0.00516614741021848,-0.011562921053675623,-0.012770294988812436,-0.00798703667200722,0.0036692042424458825
53,0.2297041416168213,0.020992875152457076,0.051549005508422854,0.005564337597917792,437,10.835496053935005,7074.793836504569,"{'columntransformer__countvectorizer__max_features': 437, 'svr__C': 10.835496053935005, 'svr__gamma': 7074.793836504569}",-0.007261833611218682,-0.0031739862961108756,-0.00516614741021848,-0.011562921053675623,-0.012770294988812436,-0.00798703667200722,0.0036692042424458825
53,0.2353287696838379,0.018265788645529243,0.05294656753540039,0.0203405980042688,178,39.74578880779049,258.3385337140317,"{'columntransformer__countvectorizer__max_features': 178, 'svr__C': 39.74578880779049, 'svr__gamma': 258.3385337140317}",-0.007261833611218682,-0.0031739862961108756,-0.00516614741021848,-0.011562921053675623,-0.012770294988812436,-0.00798703667200722,0.0036692042424458825
53,0.24075121879577638,0.01172121297238652,0.04913840293884277,0.010678161435011461,401,9.523442139109461,3268.7978549728687,"{'columntransformer__countvectorizer__max_features': 401, 'svr__C': 9.523442139109461, 'svr__gamma': 3268.7978549728687}",-0.007261833611218682,-0.0031739862961108756,-0.00516614741021848,-0.011562921053675623,-0.012770294988812436,-0.00798703667200722,0.0036692042424458825
53,0.24771275520324706,0.014899513417194865,0.05176057815551758,0.006873433293484513,339,4026.7599783101446,26.940577127700475,"{'columntransformer__countvectorizer__max_features': 339, 'svr__C': 4026.7599783101446, 'svr__gamma': 26.940577127700475}",-0.007261833611218682,-0.0031739862961108756,-0.00516614741021848,-0.011562921053675623,-0.012770294988812436,-0.00798703667200722,0.0036692042424458825
53,0.21915607452392577,0.005696989922481921,0.048038053512573245,0.005476175331180418,160,575.3969478267386,7693.428160811587,"{'columntransformer__countvectorizer__max_features': 160, 'svr__C': 575.3969478267386, 'svr__gamma': 7693.428160811587}",-0.007261833611218682,-0.0031739862961108756,-0.00516614741021848,-0.011562921053675623,-0.012770294988812436,-0.00798703667200722,0.0036692042424458825
53,0.20846123695373536,0.012116228953897265,0.044389963150024414,0.0060373240227769055,187,563.6008551440027,3660.35530157259,"{'columntransformer__countvectorizer__max_features': 187, 'svr__C': 563.6008551440027, 'svr__gamma': 3660.35530157259}",-0.007261833611218682,-0.0031739862961108756,-0.00516614741021848,-0.011562921053675623,-0.012770294988812436,-0.00798703667200722,0.0036692042424458825
53,0.2157191276550293,0.01904859532831951,0.04359688758850098,0.004310087331315035,178,86.73010156043648,95.19938188383254,"{'columntransformer__countvectorizer__max_features': 178, 'svr__C': 86.73010156043648, 'svr__gamma': 95.19938188383254}",-0.007261833611218682,-0.0031739862961108756,-0.00516614741021848,-0.011562921053675623,-0.012770294988812436,-0.00798703667200722,0.0036692042424458825
53,0.22736172676086425,0.030844983862964033,0.049999427795410153,0.007980254259757317,140,3.6890051813712343,962.5264641108603,"{'columntransformer__countvectorizer__max_features': 140, 'svr__C': 3.6890051813712343, 'svr__gamma': 962.5264641108603}",-0.007261833611218682,-0.0031739862961108756,-0.00516614741021848,-0.011562921053675623,-0.012770294988812436,-0.00798703667200722,0.0036692042424458825
53,0.2336108684539795,0.02016559874819136,0.05220918655395508,0.014879387434701217,113,25.096634937067382,794.3220562993016,"{'columntransformer__countvectorizer__max_features': 113, 'svr__C': 25.096634937067382, 'svr__gamma': 794.3220562993016}",-0.007261833611218682,-0.0031739862961108756,-0.00516614741021848,-0.011562921053675623,-0.012770294988812436,-0.00798703667200722,0.0036692042424458825
53,0.2334282398223877,0.010046192563389102,0.050714874267578126,0.00762221525573582,329,4281.089908191476,4871.772906592277,"{'columntransformer__countvectorizer__max_features': 329, 'svr__C': 4281.089908191476, 'svr__gamma': 4871.772906592277}",-0.007261833611218682,-0.0031739862961108756,-0.00516614741021848,-0.011562921053675623,-0.012770294988812436,-0.00798703667200722,0.0036692042424458825
53,0.2242743968963623,0.010047625056571847,0.04437074661254883,0.004524014813666106,338,196.83948349269383,2494.7853137178827,"{'columntransformer__countvectorizer__max_features': 338, 'svr__C': 196.83948349269383, 'svr__gamma': 2494.7853137178827}",-0.007261833611218682,-0.0031739862961108756,-0.00516614741021848,-0.011562921053675623,-0.012770294988812436,-0.00798703667200722,0.0036692042424458825
67,0.24249372482299805,0.01465091487134781,0.0439265251159668,0.004457548196050216,431,1089.9527722367181,8.135419592303386,"{'columntransformer__countvectorizer__max_features': 431, 'svr__C': 1089.9527722367181, 'svr__gamma': 8.135419592303386}",-0.007261833409764273,-0.0031739861891666443,-0.005166147576982194,-0.011562921265840576,-0.012770294946094607,-0.00798703667756966,0.0036692042830404254
68,0.2514642238616943,0.03235115922104782,0.052547359466552736,0.012751615137986014,213,14.781041949868875,6.840519342371567,"{'columntransformer__countvectorizer__max_features': 213, 'svr__C': 14.781041949868875, 'svr__gamma': 6.840519342371567}",-0.007261831454852041,-0.003173985204425689,-0.005166149279492327,-0.011562923357955723,-0.012770294422435047,-0.007987036743832165,0.003669204628133975
69,0.2241903781890869,0.018675653797759678,0.04276747703552246,0.0055855537344223155,288,785.760072741061,4.1041020632686,"{'columntransformer__countvectorizer__max_features': 288, 'svr__C': 785.760072741061, 'svr__gamma': 4.1041020632686}",-0.007261489087690753,-0.003173822448547803,-0.005166456542322617,-0.011563287570969694,-0.012770145582034598,-0.007987040246313092,0.003669245809793626
70,0.27050299644470216,0.026277378698467885,0.04619865417480469,0.00587889826642519,121,2.0956751682797927,818.7115032166614,"{'columntransformer__countvectorizer__max_features': 121, 'svr__C': 2.0956751682797927, 'svr__gamma': 818.7115032166614}",-0.007261833611218682,-0.0031739862961108756,-0.005167213883292554,-0.011567356399753814,-0.012770294988814657,-0.007988137035838117,0.003669905104610846
71,0.2354947566986084,0.014958094173352702,0.056194639205932616,0.00927324589766208,132,2.0931900135085897,5.835550435607174,"{'columntransformer__countvectorizer__max_features': 132, 'svr__C': 2.0931900135085897, 'svr__gamma': 5.835550435607174}",-0.007261816612172067,-0.003173967832051705,-0.005169482773778045,-0.011569338188771372,-0.012770289812374713,-0.00798897904382958,0.003669947183831647
72,0.21337394714355468,0.01798794949761927,0.048247480392456056,0.004052776441949125,385,0.15112968672413848,0.7876313602261799,"{'columntransformer__countvectorizer__max_features': 385, 'svr__C': 0.15112968672413848, 'svr__gamma': 0.7876313602261799}",0.0016180448607062692,0.0026395027052971143,-0.018319834546616898,-0.027876694040908978,0.0018777444327987558,-0.008012247317744747,0.01268744923867492
73,0.23143424987792968,0.022565207733952142,0.05035266876220703,0.0063740006931906346,296,0.5507866921248569,78.93596123796623,"{'columntransformer__countvectorizer__max_features': 296, 'svr__C': 0.5507866921248569, 'svr__gamma': 78.93596123796623}",-0.0023677845616116855,-0.00035881223429945486,-0.014740745632912056,-0.01956342074560591,-0.0045435613702498046,-0.008314864908935782,0.0074928128321675985
74,0.2343989372253418,0.016732430266857425,0.04020547866821289,0.007008195757819218,263,0.40468470688472197,543.6877005688611,"{'columntransformer__countvectorizer__max_features': 263, 'svr__C': 0.40468470688472197, 'svr__gamma': 543.6877005688611}",-0.001483486267674694,-9.944077542889396e-05,-0.017312268297507316,-0.02225925504199311,-0.0030453107162360382,-0.008839952219768011,0.009120853356162294
75,0.2268989086151123,0.012536073032985637,0.05220794677734375,0.0024927080420917075,384,0.46417268938202455,4.605705113434537,"{'columntransformer__countvectorizer__max_features': 384, 'svr__C': 0.46417268938202455, 'svr__gamma': 4.605705113434537}",-0.0011380553931863435,-2.926166434491506e-05,-0.017936559732553592,-0.02276727822013913,-0.002540908258882091,-0.008882412653821215,0.00952192313487023
76,0.24319958686828613,0.021082446045735587,0.054373979568481445,0.006098917738028124,233,0.0014914483439748454,0.14215683423535105,"{'columntransformer__countvectorizer__max_features': 233, 'svr__C': 0.0014914483439748454, 'svr__gamma': 0.14215683423535105}",-0.017859321393018268,-0.011575934946301603,0.006427936576902105,0.0046465495938941,-0.026916818566288025,-0.009055517746962338,0.012886966560583902
77,0.22923460006713867,0.01901076606324637,0.04849157333374023,0.00766404676712929,283,0.010522748562776567,0.3608343691152801,"{'columntransformer__countvectorizer__max_features': 283, 'svr__C': 0.010522748562776567, 'svr__gamma': 0.3608343691152801}",-0.019967346587426826,-0.013573852692766675,0.005839145464929363,0.004615981435395988,-0.030149289289070014,-0.010647072333787633,0.014003758133239678
78,0.21568851470947265,0.007037884402455549,0.049988079071044925,0.008674044116471758,160,0.08506522624139944,8514.341635880142,"{'columntransformer__countvectorizer__max_features': 160, 'svr__C': 0.08506522624139944, 'svr__gamma': 8514.341635880142}",-0.017451149695046242,-0.011249340652442763,-0.00011277956537858458,-0.0023246725416772307,-0.022289905838070556,-0.010685569658523075,0.008513988725436697
79,0.23442463874816893,0.06758770184371544,0.050072002410888675,0.008505849519837178,400,0.001143877442545142,0.002787014263658338,"{'columntransformer__countvectorizer__max_features': 400, 'svr__C': 0.001143877442545142, 'svr__gamma': 0.002787014263658338}",-0.021043218344605652,-0.014870051731608047,0.0017807918685873725,0.004873310165365519,-0.031002192257738814,-0.012052272059999924,0.013606656196075916
80,0.20535759925842284,0.016326467694256046,0.06221165657043457,0.014952919723005609,401,0.07658142726022114,1684.95189362233,"{'columntransformer__countvectorizer__max_features': 401, 'svr__C': 0.07658142726022114, 'svr__gamma': 1684.95189362233}",-0.021077741149363893,-0.014373340461343753,-4.659504963555605e-05,-0.0010534899987766355,-0.02716260368057255,-0.012742754067938478,0.010750760278059433
81,0.22743334770202636,0.030829620580739417,0.05320868492126465,0.004619782712973768,307,0.0746153971583504,578.5334162766844,"{'columntransformer__countvectorizer__max_features': 307, 'svr__C': 0.0746153971583504, 'svr__gamma': 578.5334162766844}",-0.021966992617547865,-0.015151858524366846,-0.00011813389660941809,-0.0008297806319061962,-0.028360490119305748,-0.013285451157947215,0.011266156490770748
82,0.24405617713928224,0.02553504614014241,0.04672298431396484,0.006624309518688052,411,0.0028809668028435963,0.6065791079991658,"{'columntransformer__countvectorizer__max_features': 411, 'svr__C': 0.0028809668028435963, 'svr__gamma': 0.6065791079991658}",-0.024685777151705945,-0.018622469668216013,-0.0016713633862690536,0.00013215963108970108,-0.03503057443021351,-0.015975605001062966,0.013491006345155664
83,0.2272273063659668,0.017809321110157754,0.062212228775024414,0.013713685086762822,430,0.0020142526711500563,3.4950049323161054,"{'columntransformer__countvectorizer__max_features': 430, 'svr__C': 0.0020142526711500563, 'svr__gamma': 3.4950049323161054}",-0.024710224174105955,-0.018669810565816514,-0.0019006281068234543,-1.2300828867939373e-05,-0.03501491250597599,-0.01606157523631797,0.013408524499366236
84,0.24645471572875977,0.02794422254191004,0.056645441055297854,0.011404211873315884,157,0.0028981458057543734,0.8222275023292843,"{'columntransformer__countvectorizer__max_features': 157, 'svr__C': 0.0028981458057543734, 'svr__gamma': 0.8222275023292843}",-0.024836511655227822,-0.01875385922070616,-0.0018654345662618699,3.517364244398635e-05,-0.03515197507645107,-0.01611452137524059,0.01348564411651493
85,0.24015798568725585,0.03667867505106323,0.0510899543762207,0.0058117718279433826,287,0.0028667584564293237,8.504650684904766,"{'columntransformer__countvectorizer__max_features': 287, 'svr__C': 0.0028667584564293237, 'svr__gamma': 8.504650684904766}",-0.02489250436957091,-0.018822207033210914,-0.0019462206707505647,-1.572035647501302e-05,-0.035214830739643155,-0.01617829663393011,0.013484051079431361
86,0.2327481746673584,0.03912911571664912,0.04731197357177734,0.003142523672137062,141,0.0016456244466736695,50.526962060212654,"{'columntransformer__countvectorizer__max_features': 141, 'svr__C': 0.0016456244466736695, 'svr__gamma': 50.526962060212654}",-0.024836243601810803,-0.01880254324591135,-0.001969122689352565,-1.7579114327093137e-05,-0.03527648340237577,-0.016180394410755517,0.013488193702300465
87,0.21774067878723144,0.006250052539832895,0.05134882926940918,0.0047118340380488686,375,0.0016769173914533435,2.2458046272967604,"{'columntransformer__countvectorizer__max_features': 375, 'svr__C': 0.0016769173914533435, 'svr__gamma': 2.2458046272967604}",-0.02484671695125651,-0.01881190920026743,-0.001972415864927468,-1.7845561674167953e-05,-0.03529026196530616,-0.016187829908686346,0.013493045746905229
88,0.23057136535644532,0.014558151926619372,0.05027031898498535,0.004742950454569725,249,0.0036254346923003697,3.3494290671143814,"{'columntransformer__countvectorizer__max_features': 249, 'svr__C': 0.0036254346923003697, 'svr__gamma': 3.3494290671143814}",-0.02505526645587053,-0.018958357872896237,-0.0019872385743999743,-1.9114485285021132e-05,-0.03539320778699917,-0.016282637035090187,0.013551332084321856
89,0.2309013843536377,0.017019187122402545,0.056014633178710936,0.013267841191368082,158,0.004444654641984722,1840.5573290031273,"{'columntransformer__countvectorizer__max_features': 158, 'svr__C': 0.004444654641984722, 'svr__gamma': 1840.5573290031273}",-0.025231642338744864,-0.01910591489409641,-0.001957550535428121,-1.4796540282357995e-05,-0.03558635063222759,-0.016379250988155868,0.013641796206819518
90,0.25508623123168944,0.014672588676915082,0.051504993438720705,0.008159870361008606,158,0.007260809350394714,5.95508184427339,"{'columntransformer__countvectorizer__max_features': 158, 'svr__C': 0.007260809350394714, 'svr__gamma': 5.95508184427339}",-0.02584262145708993,-0.01961753700469404,-0.002064147514358794,-2.2531013717852488e-05,-0.03625426581684987,-0.016760220561342097,0.013905372185649939
91,0.2570472240447998,0.029616457025990663,0.0551297664642334,0.00818114846679022,204,0.019703201236221372,0.6166725865678272,"{'columntransformer__countvectorizer__max_features': 204, 'svr__C': 0.019703201236221372, 'svr__gamma': 0.6166725865678272}",-0.027004529200935545,-0.020304345817241387,-0.000573330290251306,0.0011488878196652674,-0.03777744295756147,-0.016902152089264887,0.015112122137163972
92,0.2381135940551758,0.013559178903611517,0.05363960266113281,0.01283856954828858,150,0.011717137381698814,49.225487055142196,"{'columntransformer__countvectorizer__max_features': 150, 'svr__C': 0.011717137381698814, 'svr__gamma': 49.225487055142196}",-0.02682438029347156,-0.020440948317742125,-0.0022386023145257727,-3.8080632812853565e-05,-0.03732387527497405,-0.017373177366705274,0.014327091422765496
93,0.22838468551635743,0.005774827731173294,0.04887642860412598,0.003663499884813401,105,0.011942224240767981,115.35656977995706,"{'columntransformer__countvectorizer__max_features': 105, 'svr__C': 0.011942224240767981, 'svr__gamma': 115.35656977995706}",-0.026874453972382195,-0.02048298748382904,-0.0022476016691943546,-3.897367132643659e-05,-0.037378313212554026,-0.01740446600185721,0.014348542778648858
94,0.224171781539917,0.015707652766244726,0.05182695388793945,0.002903501723660714,138,0.015812211164849533,962.8033415452988,"{'columntransformer__countvectorizer__max_features': 138, 'svr__C': 0.015812211164849533, 'svr__gamma': 962.8033415452988}",-0.027742688882321787,-0.021212533838447456,-0.002405153797619075,-5.594677616582722e-05,-0.03832048581424474,-0.017947361821759777,0.014719625839908258
95,0.23701176643371583,0.010229393551517446,0.05387964248657227,0.0050653544594238,367,0.05497896374270953,6.956322434703211,"{'columntransformer__countvectorizer__max_features': 367, 'svr__C': 0.05497896374270953, 'svr__gamma': 6.956322434703211}",-0.02815423555237717,-0.021311649748759542,-0.0022115960772435272,-2.6773252133960312e-05,-0.03828752080506037,-0.017998355087114913,0.014818701621646915
96,0.2612598419189453,0.038317203786502885,0.0636225700378418,0.014222682236130348,408,0.05193758422088774,1.9807561086288226,"{'columntransformer__countvectorizer__max_features': 408, 'svr__C': 0.05193758422088774, 'svr__gamma': 1.9807561086288226}",-0.028984850920530825,-0.022095600348461808,-0.002526180761321939,-6.488971695550738e-05,-0.03944576891254514,-0.018623458131963044,0.015208718938132774
97,0.23391370773315429,0.014359024585294818,0.05121302604675293,0.007174684905919294,171,0.04808828684489142,71.24558561629588,"{'columntransformer__countvectorizer__max_features': 171, 'svr__C': 0.04808828684489142, 'svr__gamma': 71.24558561629588}",-0.030068216907873646,-0.023116495682027116,-0.0029661325165777352,-0.00014130181641758277,-0.040954203607793005,-0.01944927010613782,0.015704548409848498
98,0.23452954292297362,0.016485462076930746,0.052032089233398436,0.005649375869242633,236,0.04581424115695751,1.136478526565569,"{'columntransformer__countvectorizer__max_features': 236, 'svr__C': 0.04581424115695751, 'svr__gamma': 1.136478526565569}",-0.03056148312468676,-0.02358204584868351,-0.003042329398001531,-9.629944647193689e-05,-0.041681492463044645,-0.019792730056177675,0.015987296065955066
99,0.254047155380249,0.017258149706744864,0.05470166206359863,0.009912740604883084,331,0.04116647684856242,6.601171836702832,"{'columntransformer__countvectorizer__max_features': 331, 'svr__C': 0.04116647684856242, 'svr__gamma': 6.601171836702832}",-0.03205420916397106,-0.025003344061238053,-0.0035693688513755983,-0.0002428334255524245,-0.04372330985559958,-0.020918613071547344,0.01666868238335115
100,0.2777101993560791,0.02961730667414386,0.074664306640625,0.01736349368706204,195,0.0361992805042018,25.783619048235558,"{'columntransformer__countvectorizer__max_features': 195, 'svr__C': 0.0361992805042018, 'svr__gamma': 25.783619048235558}",-0.03254443108744409,-0.02526654251745164,-0.0033232437852119823,-0.00019587603420556654,-0.04347745795924429,-0.020961510276711514,0.016745060569987546
