rank_test_score,mean_fit_time,std_fit_time,mean_score_time,std_score_time,param_columntransformer__countvectorizer__max_features,param_ridge__alpha,params,split0_test_score,split1_test_score,split2_test_score,split3_test_score,split4_test_score,mean_test_score,std_test_score,split0_train_score,split1_train_score,split2_train_score,split3_train_score,split4_train_score,mean_train_score,std_train_score
1,0.24025249481201172,0.012667937198623427,0.05946407318115234,0.0073644080714073724,437,1.0,"{'columntransformer__countvectorizer__max_features': 437, 'ridge__alpha': 1.0}",-0.08884796842831877,-0.09804936322773507,-0.08541176464469633,-0.09699089155827204,-0.08544334552706594,-0.09094866667721763,0.005519187462529897,-0.06709921890144425,-0.06633027899033442,-0.06862407241483888,-0.06722255431814698,-0.06894301054074711,-0.06764382703310232,0.0009847066540899776
2,0.23840560913085937,0.01806670179562796,0.05524940490722656,0.003866621190115152,379,1.0,"{'columntransformer__countvectorizer__max_features': 379, 'ridge__alpha': 1.0}",-0.08884908595312399,-0.0980478993883155,-0.08592643870156151,-0.09659651428576971,-0.0855124397698719,-0.09098647561972853,0.005319280330264213,-0.06757607329199916,-0.066909217124388,-0.06949968853750171,-0.06838488158108083,-0.06970001831437601,-0.06841397576986914,0.0010770239788857267
3,0.25960826873779297,0.038326119279974806,0.06323952674865722,0.022413242649150757,378,1.0,"{'columntransformer__countvectorizer__max_features': 378, 'ridge__alpha': 1.0}",-0.08882167689860684,-0.09810557850670636,-0.0859417401756029,-0.09655535504560925,-0.08553899192136367,-0.0909926685095778,0.005319861653541162,-0.06764061756596555,-0.06691860101550867,-0.06954469596965981,-0.06841738645018447,-0.0697952070872545,-0.0684633016177146,0.0010962119435835571
4,0.23084383010864257,0.0065603623910437244,0.05722823143005371,0.009207754601304753,364,1.0,"{'columntransformer__countvectorizer__max_features': 364, 'ridge__alpha': 1.0}",-0.08877826668984927,-0.0982309372163901,-0.08615360672181699,-0.09657723370523272,-0.08557625480992749,-0.09106325982864331,0.005314369546722262,-0.06803905134708223,-0.06746783139321416,-0.0699234263805242,-0.06869658743888137,-0.07036156291421153,-0.0688976918947827,0.0010970193474180445
5,0.22902116775512696,0.011539244922310954,0.05509519577026367,0.010317799461913305,329,1.0,"{'columntransformer__countvectorizer__max_features': 329, 'ridge__alpha': 1.0}",-0.08898962462599322,-0.09832053179880944,-0.08644253349917347,-0.09642968884527228,-0.08626044556489092,-0.09128856486682788,0.005097663085296018,-0.06918695151032736,-0.06851121369618075,-0.07076266592996382,-0.06976345486484044,-0.07155774952907684,-0.06995640710607784,0.0010892407741202625
6,0.23549151420593262,0.01169645381590708,0.06554136276245118,0.0077047534185860555,311,1.0,"{'columntransformer__countvectorizer__max_features': 311, 'ridge__alpha': 1.0}",-0.08909991280033568,-0.09783977341038949,-0.08661826989455618,-0.09677748796951902,-0.08611429532220687,-0.09128994787940145,0.005028350006939687,-0.06987121830874278,-0.06904802343007764,-0.07122760608863123,-0.0702994777816501,-0.07203310912849281,-0.07049588694751892,0.0010414951914428999
7,0.26249380111694337,0.007569075638423159,0.07435197830200195,0.014038667731078848,288,1.0,"{'columntransformer__countvectorizer__max_features': 288, 'ridge__alpha': 1.0}",-0.08928718525606592,-0.09781516338491326,-0.08652378865652094,-0.09661772823741072,-0.0862561725996239,-0.09130000762690696,0.00496043144039992,-0.07043136681027592,-0.06973791931925287,-0.07222050722098303,-0.07096684545416465,-0.07252743294589911,-0.07117681435011511,0.0010567557221739618
8,0.22183656692504883,0.015375903181280955,0.06908059120178223,0.011629727806793302,235,1.0,"{'columntransformer__countvectorizer__max_features': 235, 'ridge__alpha': 1.0}",-0.08902185946425559,-0.09841147831710899,-0.08664691049500457,-0.09641992387249335,-0.08631570696595606,-0.09136317582296369,0.005068552686578729,-0.07249594327600224,-0.07153951108490125,-0.0740774906264757,-0.0725665758744343,-0.07476452648416701,-0.07308880946919609,0.0011670528419168843
9,0.2583171844482422,0.018019158727009543,0.0570894718170166,0.005278038882456203,165,1.0,"{'columntransformer__countvectorizer__max_features': 165, 'ridge__alpha': 1.0}",-0.0912066426107012,-0.09699117223811729,-0.0858103985813166,-0.09767628535459137,-0.08534226987817439,-0.09140535373258017,0.005265547395378872,-0.07637377310940269,-0.07517531614899702,-0.07787700994833877,-0.07615795061984956,-0.07764140960659403,-0.07664509188663642,0.0009981415051474186
10,0.2286451816558838,0.019086590944404697,0.06127147674560547,0.009440141821676035,299,1.0,"{'columntransformer__countvectorizer__max_features': 299, 'ridge__alpha': 1.0}",-0.0891351610134115,-0.09818511803462537,-0.0866971737172956,-0.09684354485298877,-0.0862967846569703,-0.09143155645505832,0.005078462479507356,-0.07012090751865342,-0.06940567377847055,-0.07161213800889911,-0.0706023955415258,-0.07229294122269111,-0.070806811214048,0.0010327215896842607
11,0.24097905158996583,0.019640559678292414,0.055709552764892575,0.009401490150863657,396,10.0,"{'columntransformer__countvectorizer__max_features': 396, 'ridge__alpha': 10.0}",-0.09312692197370431,-0.09693762756109363,-0.08351065853000465,-0.09957506036805602,-0.08481547214781222,-0.09159314811613417,0.006417014499322887,-0.07859690902076817,-0.07844455065943247,-0.08042620923893047,-0.07812613838637325,-0.08105557926616808,-0.07932987731433448,0.0011789846587121797
12,0.2524683952331543,0.03199361573731833,0.062022972106933597,0.005547731139320504,400,10.0,"{'columntransformer__countvectorizer__max_features': 400, 'ridge__alpha': 10.0}",-0.09313167294772953,-0.09693326733962929,-0.08351847743014139,-0.09957004709290919,-0.08484397535754637,-0.09159948803359115,0.006407281606172465,-0.07857239084357553,-0.0784360453068749,-0.08037531925301804,-0.07811719178753848,-0.08103736522684536,-0.07930766248357046,0.0011704122284769923
13,0.20898585319519042,0.01413505759896692,0.07019753456115722,0.012928543398641223,430,10.0,"{'columntransformer__countvectorizer__max_features': 430, 'ridge__alpha': 10.0}",-0.09313167294772953,-0.09693326733962929,-0.08351847743014139,-0.09961320987600575,-0.08484041178190951,-0.0916074078750831,0.006418785875753991,-0.07857239084357553,-0.0784360453068749,-0.08037531925301804,-0.07801951719209207,-0.08098674113545157,-0.07927800274620242,0.0011759640109880842
13,0.2472546100616455,0.008971657002759459,0.05529727935791016,0.0065661469994305706,425,10.0,"{'columntransformer__countvectorizer__max_features': 425, 'ridge__alpha': 10.0}",-0.09313167294772953,-0.09693326733962929,-0.08351847743014139,-0.09961320987600575,-0.08484041178190951,-0.0916074078750831,0.006418785875753991,-0.07857239084357553,-0.0784360453068749,-0.08037531925301804,-0.07801951719209207,-0.08098674113545157,-0.07927800274620242,0.0011759640109880842
15,0.22597780227661132,0.009340328229506445,0.06708378791809082,0.010876290945097903,377,10.0,"{'columntransformer__countvectorizer__max_features': 377, 'ridge__alpha': 10.0}",-0.09312245781807586,-0.09699367583201361,-0.08357995821676426,-0.09953358858114668,-0.08484598539784473,-0.09161513316916903,0.006391996291464778,-0.07870653126821746,-0.07855769580366112,-0.08056754688044801,-0.0782535604627475,-0.08118701276756458,-0.07945446943652774,0.0011871347527227355
16,0.2414092540740967,0.017107864225344677,0.059272241592407224,0.012053208494803768,354,10.0,"{'columntransformer__countvectorizer__max_features': 354, 'ridge__alpha': 10.0}",-0.09312450313817063,-0.0970294373408316,-0.08362193994795775,-0.09957105439071463,-0.08492917007346289,-0.09165522097822751,0.006379259754495551,-0.07882866376296349,-0.07871245997837603,-0.08070559754756236,-0.07838716010372106,-0.0813771902055288,-0.07960221431963035,0.0012028627471413458
17,0.23623900413513182,0.009643994542771246,0.05610446929931641,0.007682385734143241,359,10.0,"{'columntransformer__countvectorizer__max_features': 359, 'ridge__alpha': 10.0}",-0.09312949200162231,-0.09704450833434909,-0.08361670148911042,-0.0995503285338014,-0.0849424863670189,-0.09165670334518042,0.006375409118193558,-0.07880862422946366,-0.07868897453953606,-0.08067406700159499,-0.07835867813059905,-0.08133924985882295,-0.07957391875200334,0.0011976920990892574
18,0.22513461112976074,0.015643053468045974,0.055346441268920896,0.01140127945717422,329,10.0,"{'columntransformer__countvectorizer__max_features': 329, 'ridge__alpha': 10.0}",-0.09316170528378147,-0.09717296311777121,-0.08368598820869289,-0.09967392764958481,-0.08497711704422911,-0.0917343402608119,0.0064045151845642904,-0.07900932129930825,-0.07886256148134392,-0.08082985698188935,-0.07854250773347536,-0.08155685826234588,-0.07976022115167256,0.001202039529932764
19,0.25792441368103025,0.015775725228189034,0.0719264030456543,0.019374750614112222,192,1.0,"{'columntransformer__countvectorizer__max_features': 192, 'ridge__alpha': 1.0}",-0.08970635559355389,-0.09933854880396915,-0.08545319582710861,-0.09814180402781324,-0.08605204591076314,-0.0917383900326416,0.00591157278189608,-0.0748314860904166,-0.07370487690986165,-0.07639635123475234,-0.0746969410364263,-0.07674104332283006,-0.0752741397188574,0.001131622833564653
20,0.2356534481048584,0.010333221393597122,0.057934236526489255,0.009508593663605205,319,10.0,"{'columntransformer__countvectorizer__max_features': 319, 'ridge__alpha': 10.0}",-0.09319011480869077,-0.09719774371392761,-0.08370705883384946,-0.09968338855675447,-0.08497350673293283,-0.09175036252923104,0.0064078117820503995,-0.07908637137513023,-0.07891446455981953,-0.08087393424345406,-0.07857881824249484,-0.08160708824262541,-0.07981213533270481,0.001200240814112859
21,0.23415699005126953,0.020487664930349994,0.06346383094787597,0.009813205780086287,296,10.0,"{'columntransformer__countvectorizer__max_features': 296, 'ridge__alpha': 10.0}",-0.09319273773013975,-0.09716497975348933,-0.08367470833771003,-0.09972505314853086,-0.08502094337629665,-0.09175568446923332,0.006410855598446494,-0.07921876684726814,-0.07905117237697427,-0.08102196842021088,-0.0787151373334937,-0.08171038952366137,-0.07994348690032167,0.0011929253364153464
22,0.31856818199157716,0.09873664613602913,0.07283477783203125,0.015508838359395769,167,1.0,"{'columntransformer__countvectorizer__max_features': 167, 'ridge__alpha': 1.0}",-0.09111655264503307,-0.09904570270105399,-0.08565023482296757,-0.0978134524771328,-0.08530969380678531,-0.09178712729059454,0.0058150112002453005,-0.07633100734423587,-0.07482248647842628,-0.07776750808994806,-0.07591739929646867,-0.07764323680085196,-0.07649632760198616,0.001104131642594327
23,0.2676675796508789,0.02475770009961826,0.07130002975463867,0.015972145045174788,270,10.0,"{'columntransformer__countvectorizer__max_features': 270, 'ridge__alpha': 10.0}",-0.09324374545317289,-0.0973070548760317,-0.08371008018711358,-0.09970476969268091,-0.08502527999107785,-0.09179818604001538,0.006422477023103729,-0.07940503202847736,-0.07922144628966554,-0.08117145960992457,-0.07884399547964814,-0.08183049082496059,-0.08009448484653524,0.0011810890368564803
24,0.27759838104248047,0.026362050838873163,0.05994720458984375,0.014036222111286792,249,10.0,"{'columntransformer__countvectorizer__max_features': 249, 'ridge__alpha': 10.0}",-0.09329306023580845,-0.09732811263952322,-0.08364562546581443,-0.09974017145978584,-0.08503015591289924,-0.09180742514276624,0.00645228515144066,-0.0796297990820017,-0.07935806745999353,-0.08136179873922271,-0.07898824890764858,-0.08204112941273237,-0.08027580872031977,0.0012010927701995217
25,0.2383646011352539,0.021251895861938007,0.05912084579467773,0.012682402091670123,256,10.0,"{'columntransformer__countvectorizer__max_features': 256, 'ridge__alpha': 10.0}",-0.0932971063192554,-0.09731663171241774,-0.08370886037906339,-0.09971330905705253,-0.08503460122149545,-0.0918141017378569,0.006426992760485503,-0.07954630997868946,-0.07931951544625263,-0.08126529419258173,-0.0789200710528342,-0.08194280978551033,-0.08019880009117367,0.0011843151835094063
25,0.2348447322845459,0.018690199043744565,0.0563502311706543,0.0038539805719464124,256,10.0,"{'columntransformer__countvectorizer__max_features': 256, 'ridge__alpha': 10.0}",-0.0932971063192554,-0.09731663171241774,-0.08370886037906339,-0.09971330905705253,-0.08503460122149545,-0.0918141017378569,0.006426992760485503,-0.07954630997868946,-0.07931951544625263,-0.08126529419258173,-0.0789200710528342,-0.08194280978551033,-0.08019880009117367,0.0011843151835094063
27,0.23672904968261718,0.014538031725349456,0.06050395965576172,0.013043151200403927,231,10.0,"{'columntransformer__countvectorizer__max_features': 231, 'ridge__alpha': 10.0}",-0.09308433241414797,-0.0973488162938226,-0.08386860446995721,-0.09977588638764014,-0.08516626001499639,-0.09184877991611286,0.006371111041611253,-0.07985221831463668,-0.07955426254030469,-0.08163471876182113,-0.0792256667744346,-0.08235120869828767,-0.08052361501789694,0.0012369104730768873
28,0.2450575828552246,0.02544442082376693,0.06595058441162109,0.012400319955490707,233,10.0,"{'columntransformer__countvectorizer__max_features': 233, 'ridge__alpha': 10.0}",-0.09314234360806223,-0.09736070991396974,-0.08384305881613774,-0.09977659949528034,-0.08521980990940711,-0.09186850434857144,0.006370837794520397,-0.07981634827205565,-0.07953973563191805,-0.08161297302926611,-0.07921858474227203,-0.08231436075099724,-0.08050040048530181,0.0012298069361617561
29,0.23344621658325196,0.012300483791710129,0.0547823429107666,0.005964299952333892,212,10.0,"{'columntransformer__countvectorizer__max_features': 212, 'ridge__alpha': 10.0}",-0.09331113124890184,-0.09763063214840426,-0.08376290485419512,-0.10022776015482186,-0.08512353598553155,-0.09201119287837092,0.0065765338604534766,-0.0801757430738853,-0.07984225172772302,-0.0819361230985777,-0.07952228642972967,-0.0826183661881707,-0.08081895410361728,0.0012275964670598594
30,0.22169342041015624,0.020586032111389405,0.05594148635864258,0.010723302685415506,202,10.0,"{'columntransformer__countvectorizer__max_features': 202, 'ridge__alpha': 10.0}",-0.09331759889990718,-0.09763431226317469,-0.08370710642500226,-0.10026996090715917,-0.08524210138511337,-0.09203421597607134,0.006577373621988812,-0.08030062115900545,-0.07996837371629534,-0.08209622989312103,-0.07965803752527502,-0.082737242808054,-0.08095210102035016,0.0012298380240894477
31,0.24077730178833007,0.016713164846756202,0.06268229484558105,0.008523578128986986,165,10.0,"{'columntransformer__countvectorizer__max_features': 165, 'ridge__alpha': 10.0}",-0.09396266594179382,-0.09745122088452865,-0.08380945736826134,-0.10045409106817278,-0.08529225333898768,-0.09219393772034885,0.006586809807391395,-0.08117950005184366,-0.08077303332814503,-0.0828953921216631,-0.08051001481300635,-0.08344354413310721,-0.08176029688955308,0.0011829608654729754
32,0.21622071266174317,0.013242837573347765,0.06035451889038086,0.01308881110781556,182,10.0,"{'columntransformer__countvectorizer__max_features': 182, 'ridge__alpha': 10.0}",-0.09360714744253691,-0.09770901491536785,-0.08389428044320661,-0.10038105065425178,-0.08540408858658713,-0.09219911640839007,0.00654871414037293,-0.08061951816534065,-0.08026239060240012,-0.08240604931655761,-0.08008500493325227,-0.08303341480841736,-0.0812812755651936,0.0012035132544275804
33,0.2333127498626709,0.022490872487037853,0.057796287536621097,0.007681315828759407,158,10.0,"{'columntransformer__countvectorizer__max_features': 158, 'ridge__alpha': 10.0}",-0.09415086049616528,-0.09757122690209855,-0.0838686916542263,-0.10054995969582269,-0.08538219295690912,-0.0923045863410444,0.006606303991593206,-0.08139231928296561,-0.08084017996014306,-0.08310387407385103,-0.08059780874723702,-0.08375610950240037,-0.08193805831331942,0.0012620517723636669
34,0.2506460666656494,0.02020357358581568,0.07975659370422364,0.019908121966927234,150,10.0,"{'columntransformer__countvectorizer__max_features': 150, 'ridge__alpha': 10.0}",-0.09434033154911142,-0.09783027312519073,-0.08392075460679477,-0.10103038350830082,-0.08538680981668131,-0.09250171052121581,0.006764125753856981,-0.08153569973786057,-0.08119690940721523,-0.08338366368560815,-0.08096320541877457,-0.08405248375632507,-0.08222639240115673,0.001249513457762023
35,0.21995878219604492,0.01605801908635278,0.05301432609558106,0.007441005913559181,156,0.1,"{'columntransformer__countvectorizer__max_features': 156, 'ridge__alpha': 0.1}",-0.09187820584058579,-0.0963321656129029,-0.08868451728842633,-0.09834791265425764,-0.08791693180768437,-0.09263194664077141,0.004116930324183357,-0.07669912239757733,-0.0750932135421599,-0.07786838999014219,-0.07602902403132147,-0.07825338681775644,-0.07678862735579148,0.00116368758483533
36,0.23961396217346193,0.015325655894816114,0.06410098075866699,0.010770165504830669,141,1.0,"{'columntransformer__countvectorizer__max_features': 141, 'ridge__alpha': 1.0}",-0.09301985102277181,-0.0969551874865377,-0.08701911983865282,-0.10023797186911691,-0.08615168864167445,-0.09267676377175074,0.005480511409779203,-0.07792228583356647,-0.07673512775842392,-0.07949078582442806,-0.07744408167437718,-0.0798873698965485,-0.07829593019746882,0.0012051324039939262
37,0.233298397064209,0.025831079127286074,0.06826820373535156,0.006383239661363886,160,0.01,"{'columntransformer__countvectorizer__max_features': 160, 'ridge__alpha': 0.01}",-0.0915259905352617,-0.09719881804458966,-0.08861107046740906,-0.09806834192418275,-0.08975863422220576,-0.09303257103872978,0.003879554534191348,-0.07631781787113229,-0.07464929954458938,-0.07783333323979814,-0.07595944041154928,-0.07771526390381206,-0.07649503099417623,0.0011836391005341645
38,0.21004199981689453,0.010302613999088462,0.07590413093566895,0.009754634084121345,195,0.1,"{'columntransformer__countvectorizer__max_features': 195, 'ridge__alpha': 0.1}",-0.08969940408598205,-0.10150337821484112,-0.08743282082188122,-0.09851029209925194,-0.08854749358659884,-0.09313867776171104,0.005732134562726815,-0.07442182683535006,-0.07257964495832911,-0.07591381478731558,-0.0741924341452229,-0.07598066715301743,-0.07461767757584702,0.0012578138730621289
39,0.23816843032836915,0.013039536158323034,0.05722784996032715,0.007736174321321151,185,0.1,"{'columntransformer__countvectorizer__max_features': 185, 'ridge__alpha': 0.1}",-0.08995860820415458,-0.10163397208037621,-0.08755156818818387,-0.09855970829013662,-0.08829740787145234,-0.09320025292686072,0.005767237986660038,-0.07468532296269687,-0.0732867183967138,-0.0763630632250394,-0.07475334476549005,-0.07615601089617585,-0.07504889204922319,0.0011204949513337267
40,0.24377336502075195,0.021148285688875324,0.062458038330078125,0.007899042687915256,192,0.1,"{'columntransformer__countvectorizer__max_features': 192, 'ridge__alpha': 0.1}",-0.0894850105105918,-0.10139165202156303,-0.08746513038009465,-0.09907948007021038,-0.08879995904884751,-0.09324424640626147,0.0057915783142695925,-0.07454260963457741,-0.07301481267847601,-0.07602821186972304,-0.0743213121991968,-0.07606200284187115,-0.07479378984476888,0.0011474535566601048
41,0.3811298370361328,0.17469922692361511,0.08984594345092774,0.05535841871627323,177,0.1,"{'columntransformer__countvectorizer__max_features': 177, 'ridge__alpha': 0.1}",-0.09024138589533247,-0.10191159727691695,-0.08738564632709923,-0.09815058992768018,-0.08855684880609865,-0.0932492136466255,0.005735976235925393,-0.07509992297791267,-0.07371858454046187,-0.07718035223573952,-0.07525860534512814,-0.07639436144972184,-0.07553036530979282,0.0011841139996802408
42,0.20783476829528807,0.017810562097533386,0.06075387001037598,0.006529183260715875,246,0.1,"{'columntransformer__countvectorizer__max_features': 246, 'ridge__alpha': 0.1}",-0.08975381348129817,-0.10183719940741487,-0.08901492763539602,-0.09784484947308346,-0.08800997136818195,-0.0932921522730749,0.005521970833708422,-0.07132762074721966,-0.07010015266150202,-0.0727492040208041,-0.07118865662570473,-0.07321523306291025,-0.07171617342362815,0.0011273954297303678
43,0.2456900119781494,0.014535056634351862,0.06180539131164551,0.009859123816841201,209,0.1,"{'columntransformer__countvectorizer__max_features': 209, 'ridge__alpha': 0.1}",-0.08981570326110214,-0.10156360149356672,-0.08704330793457692,-0.09943655821393149,-0.08922637353134691,-0.09341710888690484,0.0058950290223682734,-0.07351539807557533,-0.07212122063859636,-0.07540879869393184,-0.07339557022742667,-0.07518311372398506,-0.07392482027190304,0.0012236174361529534
44,0.26156911849975584,0.0170009716024842,0.06345167160034179,0.005600675386413435,141,0.1,"{'columntransformer__countvectorizer__max_features': 141, 'ridge__alpha': 0.1}",-0.09321317986899261,-0.09722148253942348,-0.08877664029341722,-0.10044758479479371,-0.08817154889096421,-0.09356608727751825,0.0047514484750976575,-0.0776999811472377,-0.07624282732153474,-0.07927241681906616,-0.07721743556082612,-0.07945489744635005,-0.07797751165900295,0.0012266471985743455
45,0.3488597393035889,0.047569058313867055,0.07788124084472656,0.015414387868396585,231,0.01,"{'columntransformer__countvectorizer__max_features': 231, 'ridge__alpha': 0.01}",-0.08942682467138346,-0.10118780266572569,-0.08927426696508367,-0.0974045586739217,-0.09063768954057934,-0.09358622850333877,0.0048363438586899185,-0.07185457747041941,-0.07064112582921,-0.07363014228012507,-0.07201409582813685,-0.07409414003913913,-0.0724468162894061,0.0012579704122994714
46,0.2561133861541748,0.009859821818705044,0.07116489410400391,0.02047635306432661,126,10.0,"{'columntransformer__countvectorizer__max_features': 126, 'ridge__alpha': 10.0}",-0.09521383484342992,-0.09891867857729314,-0.08544000352463406,-0.10187259508208975,-0.0865066927891289,-0.09359036096331515,0.006576149621370859,-0.08282655183092243,-0.08264123354090025,-0.08486258067584794,-0.08175485840425735,-0.08517296398425972,-0.08345163768723754,0.0013326868710425248
47,0.23357682228088378,0.020491841120359622,0.05547819137573242,0.003391585421471656,140,0.1,"{'columntransformer__countvectorizer__max_features': 140, 'ridge__alpha': 0.1}",-0.09307527755097342,-0.09721831587141279,-0.08866242590242371,-0.10054637569953188,-0.08851331056792945,-0.09360314111845426,0.004730194008011638,-0.07773386913931905,-0.07624488157089065,-0.07931996382585711,-0.0772299335952973,-0.07955562641838813,-0.07801685490995044,0.0012573882628742032
48,0.23816018104553222,0.019250835063794037,0.06416149139404297,0.016403329688892875,227,0.01,"{'columntransformer__countvectorizer__max_features': 227, 'ridge__alpha': 0.01}",-0.08968770194856064,-0.10144591236172983,-0.088801810687991,-0.09780815512692936,-0.09073605272087763,-0.0936959265692177,0.00501501329134038,-0.0721700989447494,-0.07094554535349012,-0.07411008386232072,-0.0721592870459059,-0.07411179722073542,-0.07269936248544032,0.0012355389587439536
49,0.2333707332611084,0.0040198422861685325,0.05815768241882324,0.010615032416618179,276,0.1,"{'columntransformer__countvectorizer__max_features': 276, 'ridge__alpha': 0.1}",-0.09093991909269689,-0.1010094953631383,-0.09011572523128937,-0.09844925096191062,-0.08831194249969267,-0.09376526662974556,0.0050091724737176,-0.06910213291484416,-0.06819188220728445,-0.07113595920233946,-0.06949406326798034,-0.07098126290239934,-0.06978106009896956,0.0011265020216081557
50,0.23525400161743165,0.016612460168623618,0.05582318305969238,0.006338311701726761,218,0.01,"{'columntransformer__countvectorizer__max_features': 218, 'ridge__alpha': 0.01}",-0.09094012410947959,-0.10145957619789203,-0.08810471336545099,-0.09886897839553024,-0.08978919543025797,-0.09383251749972217,0.005311498768186653,-0.07284148279865121,-0.07154298918660218,-0.07467005364576017,-0.07298946993414389,-0.07476510808493289,-0.07336182073001807,0.0012164073021506251
51,0.24281697273254393,0.020020943981517724,0.06505203247070312,0.01640263085784024,210,0.01,"{'columntransformer__countvectorizer__max_features': 210, 'ridge__alpha': 0.01}",-0.08990603291900945,-0.1024133546114242,-0.08796394626761567,-0.0988866654726854,-0.09010709879800585,-0.0938554196137481,0.0057080418482701656,-0.07349003446651753,-0.07205340889293196,-0.07527805020384082,-0.07314553480797281,-0.07514449932323676,-0.07382230553889997,0.0012300249562298567
52,0.22667818069458007,0.02142360216222813,0.05302958488464356,0.011878330093074135,196,0.01,"{'columntransformer__countvectorizer__max_features': 196, 'ridge__alpha': 0.01}",-0.09017826852273327,-0.10188671683316293,-0.08777703638019498,-0.0991417661588066,-0.09059900922772987,-0.09391655942452552,0.0055407742405007175,-0.07426001619595458,-0.07246643006081281,-0.07587424850827917,-0.07406962798040205,-0.07582101927666147,-0.07449826840442202,0.0012658479291546222
53,0.2617167949676514,0.029979359607645816,0.06847944259643554,0.01391755223352236,268,0.1,"{'columntransformer__countvectorizer__max_features': 268, 'ridge__alpha': 0.1}",-0.09097690847789597,-0.10144308149027674,-0.09017248558157177,-0.0983538607304102,-0.08871987596399446,-0.09393324244882982,0.005019998830426434,-0.06998856791254389,-0.06893208957371891,-0.07144297519428572,-0.0700894767751928,-0.07148471860839127,-0.07038756561282652,0.000967894694755749
54,0.2612605571746826,0.02281966729553983,0.05874843597412109,0.008016436853066295,215,0.01,"{'columntransformer__countvectorizer__max_features': 215, 'ridge__alpha': 0.01}",-0.09078732225076769,-0.10283601356082339,-0.08757518061541081,-0.09872772505991072,-0.09006259466174238,-0.093997767229731,0.005788423934122178,-0.07308721760888653,-0.07176824806268181,-0.07498574948407588,-0.07312763347216988,-0.07500309849503917,-0.07359438942457067,0.001243400233531727
55,0.23263516426086425,0.01327423263458597,0.05540280342102051,0.0029503298305143095,138,0.01,"{'columntransformer__countvectorizer__max_features': 138, 'ridge__alpha': 0.01}",-0.09358153660045156,-0.09705084808338016,-0.08890403302716708,-0.10060527594822569,-0.09006646471745194,-0.09404163167533527,0.004348456489885417,-0.0779680225623447,-0.07653856447192166,-0.07938304388230755,-0.07721562162868231,-0.07944739536350108,-0.07811052958175146,0.0011574753185361322
56,0.23457298278808594,0.017002673077991564,0.05968003273010254,0.009629933046653666,141,0.001,"{'columntransformer__countvectorizer__max_features': 141, 'ridge__alpha': 0.001}",-0.09325955722312923,-0.09731115114673816,-0.08901141805941958,-0.10057865788877156,-0.09018501053259617,-0.09406915897013095,0.004340665770095671,-0.07769201924743036,-0.07624237172031988,-0.07925983271302188,-0.07721455913935839,-0.07940400470620647,-0.0779625575052674,0.0012126355294845264
57,0.2570631980895996,0.02618028553341346,0.06659321784973145,0.008443413306493525,221,0.001,"{'columntransformer__countvectorizer__max_features': 221, 'ridge__alpha': 0.001}",-0.09087620036914416,-0.10142948791230791,-0.08839977484401484,-0.09846721496807488,-0.09125698004121713,-0.09408593162695178,0.004975161975520273,-0.07261007254829466,-0.07145981068921498,-0.0743207041110086,-0.07277110605434853,-0.0743575187621585,-0.07310384243300506,0.0011054247376453186
58,0.2534024715423584,0.02601815384159922,0.05635290145874024,0.005957572716947682,307,0.1,"{'columntransformer__countvectorizer__max_features': 307, 'ridge__alpha': 0.1}",-0.09111920601943199,-0.1021594251141931,-0.09029565493538035,-0.09872057017178773,-0.08817046056226245,-0.09409306336061113,0.005381846771654544,-0.06748797870804776,-0.06617605370114715,-0.06875921721103156,-0.06811694734814383,-0.06966483405980908,-0.06804100620563587,0.0011783291783260732
59,0.23664326667785646,0.025071037561081484,0.0590576171875,0.007608467699788298,140,0.001,"{'columntransformer__countvectorizer__max_features': 140, 'ridge__alpha': 0.001}",-0.09317845763339543,-0.09731297173508678,-0.0888972096191693,-0.10069658057127828,-0.09051339668686065,-0.0941197232491581,0.004350128940093148,-0.07771037704823093,-0.07624170191522603,-0.07930898764305364,-0.07723242648941091,-0.07949502438995613,-0.07799770349717552,0.0012420292194529094
60,0.24530272483825682,0.012649531622379393,0.06308379173278808,0.009742357915334036,235,0.001,"{'columntransformer__countvectorizer__max_features': 235, 'ridge__alpha': 0.001}",-0.0897479127312178,-0.10170932996474326,-0.08975695850522285,-0.0977579668974843,-0.09165700130978142,-0.09412583388168992,0.004796878214194659,-0.07150032799864856,-0.07043954086493437,-0.07336198074973178,-0.0717657379533037,-0.07381001570057975,-0.07217552065343964,0.0012423119115369111
61,0.24727182388305663,0.00789908055070528,0.05597786903381348,0.004633994766442832,138,0.001,"{'columntransformer__countvectorizer__max_features': 138, 'ridge__alpha': 0.001}",-0.09364981113248202,-0.09706188790180785,-0.0889323053327819,-0.10068628823591022,-0.09035576788258473,-0.09413721209711334,0.004314442288584301,-0.07796012615606604,-0.07653410655912009,-0.07939764199396145,-0.07722336586470839,-0.07943036252366431,-0.07810912061950406,0.0011570131916212609
62,0.2548378467559814,0.009275382404770315,0.06121110916137695,0.008713789782847273,300,0.1,"{'columntransformer__countvectorizer__max_features': 300, 'ridge__alpha': 0.1}",-0.09073741211086621,-0.10252354590155997,-0.09022112860947896,-0.09885742587655572,-0.08840729112861263,-0.0941493607254147,0.005519721351504379,-0.06772235974440007,-0.06669467183934039,-0.06923155931586895,-0.06842611895622905,-0.06992705117703074,-0.06840035220657384,0.0011306102975167708
63,0.23282184600830078,0.007057253027969054,0.06535797119140625,0.017630356728682014,132,0.1,"{'columntransformer__countvectorizer__max_features': 132, 'ridge__alpha': 0.1}",-0.09382696266819035,-0.09752273668099301,-0.08976846497527911,-0.10071866128543971,-0.08892137310903046,-0.09415163974378653,0.004498074961890257,-0.07822707625458393,-0.07721430471998184,-0.08012453423426882,-0.0775293136869124,-0.0801025553450933,-0.07863955684816806,0.0012473689258061529
64,0.22377438545227052,0.020735762604496253,0.07182121276855469,0.011070800511264788,404,0.1,"{'columntransformer__countvectorizer__max_features': 404, 'ridge__alpha': 0.1}",-0.09111165178946679,-0.10386641294569944,-0.0885284234668955,-0.09993820778624851,-0.08783717804808328,-0.09425637480727869,0.006458186362635085,-0.062054773743658385,-0.06121566108225433,-0.06394315745291569,-0.06283147964855273,-0.06419415462251075,-0.06284784530997838,0.0011229882593230985
65,0.2261807441711426,0.024499349118198406,0.06524949073791504,0.007277811713668305,400,0.1,"{'columntransformer__countvectorizer__max_features': 400, 'ridge__alpha': 0.1}",-0.09111165178946679,-0.10386641294569944,-0.0885284234668955,-0.09994851967582706,-0.08783273010886433,-0.09425754759735062,0.006460886316555657,-0.062054773743658385,-0.06121566108225433,-0.06394315745291569,-0.06304934005464045,-0.06424090159363864,-0.0629007667854215,0.0011366529005601234
66,0.24762978553771972,0.021271247098624487,0.07737140655517578,0.023749819340015722,401,0.1,"{'columntransformer__countvectorizer__max_features': 401, 'ridge__alpha': 0.1}",-0.09111165178946679,-0.10386641294569944,-0.0885284234668955,-0.09998719370815942,-0.0878620121832068,-0.09427113881868558,0.006461897727465364,-0.062054773743658385,-0.06121566108225433,-0.06394315745291569,-0.06286517445934593,-0.06421272780248437,-0.06285829890813174,0.0011274178180424256
66,0.3069920063018799,0.03928611458684918,0.06096439361572266,0.013560971225374285,401,0.1,"{'columntransformer__countvectorizer__max_features': 401, 'ridge__alpha': 0.1}",-0.09111165178946679,-0.10386641294569944,-0.0885284234668955,-0.09998719370815942,-0.0878620121832068,-0.09427113881868558,0.006461897727465364,-0.062054773743658385,-0.06121566108225433,-0.06394315745291569,-0.06286517445934593,-0.06421272780248437,-0.06285829890813174,0.0011274178180424256
68,0.23313369750976562,0.014799190734744238,0.05936412811279297,0.008411572243358988,282,0.01,"{'columntransformer__countvectorizer__max_features': 282, 'ridge__alpha': 0.01}",-0.09166082997188402,-0.10092836012800119,-0.09076597485305847,-0.09860258140834026,-0.08979723413197457,-0.09435099609865169,0.0045202613727584,-0.06843920413477728,-0.06756658770127388,-0.07068713997845716,-0.06909479060078953,-0.07040490129688164,-0.0692385247424359,0.001175913838315189
69,0.2341310501098633,0.008831494599473848,0.06926956176757812,0.009404604495853707,253,0.01,"{'columntransformer__countvectorizer__max_features': 253, 'ridge__alpha': 0.01}",-0.09096841915288353,-0.10234671949318024,-0.08977747997704316,-0.09795031716682799,-0.09078353911085889,-0.09436529498015876,0.00493905473409587,-0.07104363312196794,-0.06964489273931883,-0.07231051997118262,-0.07081195614761432,-0.07258313729322118,-0.07127882785466097,0.0010685168645450107
70,0.23191275596618652,0.01769830002456971,0.05642786026000977,0.004467177134967981,434,0.1,"{'columntransformer__countvectorizer__max_features': 434, 'ridge__alpha': 0.1}",-0.09111165178946679,-0.10386641294569944,-0.0885284234668955,-0.10051301621938097,-0.08786368672673314,-0.09437663822963516,0.006557305065946722,-0.062054773743658385,-0.06121566108225433,-0.06394315745291569,-0.06223418055685467,-0.06382938805697981,-0.06265543217853257,0.0010627881332284364
70,0.24997324943542482,0.03661661749152102,0.05466022491455078,0.006700204588668948,416,0.1,"{'columntransformer__countvectorizer__max_features': 416, 'ridge__alpha': 0.1}",-0.09111165178946679,-0.10386641294569944,-0.0885284234668955,-0.10051301621938097,-0.08786368672673314,-0.09437663822963516,0.006557305065946722,-0.062054773743658385,-0.06121566108225433,-0.06394315745291569,-0.06223418055685467,-0.06382938805697981,-0.06265543217853257,0.0010627881332284364
70,0.25138201713562014,0.014689211895703784,0.06109156608581543,0.0020489777280079356,424,0.1,"{'columntransformer__countvectorizer__max_features': 424, 'ridge__alpha': 0.1}",-0.09111165178946679,-0.10386641294569944,-0.0885284234668955,-0.10051301621938097,-0.08786368672673314,-0.09437663822963516,0.006557305065946722,-0.062054773743658385,-0.06121566108225433,-0.06394315745291569,-0.06223418055685467,-0.06382938805697981,-0.06265543217853257,0.0010627881332284364
70,0.24984169006347656,0.03213616863725721,0.05574193000793457,0.0049814623314483365,431,0.1,"{'columntransformer__countvectorizer__max_features': 431, 'ridge__alpha': 0.1}",-0.09111165178946679,-0.10386641294569944,-0.0885284234668955,-0.10051301621938097,-0.08786368672673314,-0.09437663822963516,0.006557305065946722,-0.062054773743658385,-0.06121566108225433,-0.06394315745291569,-0.06223418055685467,-0.06382938805697981,-0.06265543217853257,0.0010627881332284364
74,0.2234827995300293,0.008313528512570764,0.07104120254516602,0.012713278468054428,411,0.1,"{'columntransformer__countvectorizer__max_features': 411, 'ridge__alpha': 0.1}",-0.09111165178946679,-0.10386641294569944,-0.0885284234668955,-0.10051301621938097,-0.08792862247322193,-0.09438962537893292,0.006544444594081578,-0.062054773743658385,-0.06121566108225433,-0.06394315745291569,-0.06223418055685467,-0.06390740793736807,-0.06267103615461023,0.0010803375913555596
75,0.24368977546691895,0.011885484608905782,0.05573825836181641,0.006729024947620672,275,0.01,"{'columntransformer__countvectorizer__max_features': 275, 'ridge__alpha': 0.01}",-0.0914773436018242,-0.10215221476942689,-0.0908217507498972,-0.09886015494516948,-0.08871758552458432,-0.09440580991818041,0.005169628024888571,-0.06897971657149508,-0.06804177570901224,-0.0711319607301642,-0.06943700583008727,-0.07090636406099747,-0.06969936458035125,0.001169915015000389
76,0.26784439086914064,0.012111019569255803,0.06004157066345215,0.0033002985299958004,331,0.1,"{'columntransformer__countvectorizer__max_features': 331, 'ridge__alpha': 0.1}",-0.091057563744409,-0.10355036170365049,-0.0899527252951965,-0.09831756220670478,-0.08920691430196978,-0.0944170254503861,0.005603449564527035,-0.0660207237806067,-0.06505723201506024,-0.06744311029789696,-0.06672615799147756,-0.06849680532163573,-0.06674880588133544,0.0011772509743915084
77,0.25696663856506347,0.02240582250503201,0.06083989143371582,0.007788318355360849,284,0.01,"{'columntransformer__countvectorizer__max_features': 284, 'ridge__alpha': 0.01}",-0.09168302774923896,-0.10129156724690153,-0.09070802165368226,-0.09871934326168001,-0.089824889653119,-0.09444536991292436,0.0046493958788860895,-0.0682631966686804,-0.06738015724426642,-0.07060494878542266,-0.06904677387108196,-0.07033448889219011,-0.06912591309232831,0.0012203612719577982
78,0.23647937774658204,0.02901466228875169,0.06366348266601562,0.01558344904298236,391,0.1,"{'columntransformer__countvectorizer__max_features': 391, 'ridge__alpha': 0.1}",-0.09127186628908292,-0.10406638054800472,-0.08901981998713769,-0.10023754223102466,-0.08797662159645521,-0.09451444613034103,0.006441143845830411,-0.06247428995297663,-0.0617122113297675,-0.06473760815672379,-0.06333716078894379,-0.06474512279336121,-0.06340127860435459,0.0012089715620294604
79,0.2800009727478027,0.0314506701165486,0.06555376052856446,0.011186796983579836,356,0.1,"{'columntransformer__countvectorizer__max_features': 356, 'ridge__alpha': 0.1}",-0.09076733499799718,-0.10399315473154505,-0.0897380725255928,-0.09947487605978557,-0.0886832683833481,-0.09453134133965374,0.006087816934801441,-0.06432519411968544,-0.06358264866939753,-0.06646039786236838,-0.06510904916966676,-0.06710532184045905,-0.06531652233231541,0.001306931484502894
80,0.3307192802429199,0.04309110132943776,0.0687899112701416,0.008191062007137607,283,0.001,"{'columntransformer__countvectorizer__max_features': 283, 'ridge__alpha': 0.001}",-0.09171546935322909,-0.10153112008277748,-0.09071163504761934,-0.09872868566993959,-0.08998267115513087,-0.09453391626173928,0.0046866674807896636,-0.0682971914826388,-0.06741930970961593,-0.07062656850268667,-0.06908521373899096,-0.07039996664346611,-0.06916565001547968,0.001222146885289223
81,0.2373960018157959,0.024687146628001092,0.06015987396240234,0.008382291499734225,281,0.001,"{'columntransformer__countvectorizer__max_features': 281, 'ridge__alpha': 0.001}",-0.0917251252352717,-0.10231637419377694,-0.09093111025285969,-0.09888012370026872,-0.08989683096350026,-0.09474991286913545,0.004931429328739476,-0.06848183737425682,-0.06773744031724689,-0.07085873054463439,-0.06911287172761821,-0.07044967844055823,-0.0693281116808629,0.001174176300996489
82,0.23339734077453614,0.024043316320337117,0.06312003135681152,0.008006282427922364,124,0.1,"{'columntransformer__countvectorizer__max_features': 124, 'ridge__alpha': 0.1}",-0.09419796856637447,-0.09775977140030848,-0.09086672146335853,-0.10128153168761972,-0.08964941203807907,-0.09475108103114806,0.00431555819517006,-0.07898284253487951,-0.07858803178068982,-0.08154243615329175,-0.07779289279667824,-0.08062139350939128,-0.07950551935498612,0.0013742102755528677
82,0.23632488250732422,0.015580766499850471,0.06312308311462403,0.01430824732384506,124,0.1,"{'columntransformer__countvectorizer__max_features': 124, 'ridge__alpha': 0.1}",-0.09419796856637447,-0.09775977140030848,-0.09086672146335853,-0.10128153168761972,-0.08964941203807907,-0.09475108103114806,0.00431555819517006,-0.07898284253487951,-0.07858803178068982,-0.08154243615329175,-0.07779289279667824,-0.08062139350939128,-0.07950551935498612,0.0013742102755528677
84,0.25008234977722166,0.029335024448535425,0.06182641983032226,0.007276788055637993,312,0.001,"{'columntransformer__countvectorizer__max_features': 312, 'ridge__alpha': 0.001}",-0.09181191782792986,-0.10306951328625422,-0.09037792277086919,-0.09962985143330959,-0.08979510069098445,-0.09493686120186946,0.0053879695451499515,-0.06704592933133371,-0.06554969952293727,-0.06808302254984147,-0.0675128576507137,-0.06898806907796537,-0.0674359156265583,0.0011440059686889166
85,0.24071931838989258,0.015421505106783468,0.0710413932800293,0.00718074319447835,308,0.01,"{'columntransformer__countvectorizer__max_features': 308, 'ridge__alpha': 0.01}",-0.09175468936231111,-0.10332261338404607,-0.09071730849165667,-0.0991757270063817,-0.08992163797838795,-0.09497839524455672,0.0053172079940157265,-0.06714043924162709,-0.06567951240580171,-0.068377235637173,-0.06780931967420734,-0.06909474427937394,-0.06762025024763661,0.0011644388133244458
86,0.24652619361877443,0.010796731469722329,0.055166006088256836,0.008704376235592531,306,0.001,"{'columntransformer__countvectorizer__max_features': 306, 'ridge__alpha': 0.001}",-0.09182257878456734,-0.10348272005442437,-0.09077736538749355,-0.09948132853500867,-0.08991808830510295,-0.09509641621331938,0.005398978415500705,-0.06715718287543869,-0.0658585513872706,-0.06842338292129312,-0.06784872875687598,-0.06924322479102935,-0.06770621414638155,0.001149985756046723
87,0.22581982612609863,0.010932086105792665,0.061399221420288086,0.003170168284852426,334,0.01,"{'columntransformer__countvectorizer__max_features': 334, 'ridge__alpha': 0.01}",-0.09174861538897572,-0.10519681606324117,-0.0906546398595376,-0.09893224676227892,-0.0895540036737036,-0.09521726434954739,0.00597183616761652,-0.06547643651064912,-0.06422462275886454,-0.06689288469149458,-0.066150842570087,-0.06786445036925146,-0.06612184738006935,0.0012367716756323255
88,0.26853280067443847,0.02091903421031781,0.07497763633728027,0.008261916490391005,395,0.01,"{'columntransformer__countvectorizer__max_features': 395, 'ridge__alpha': 0.01}",-0.09186450420679634,-0.10571342847313141,-0.08932636811982896,-0.10135795339703768,-0.08838100800624105,-0.09532865244060709,0.006935323301888052,-0.06152998788766451,-0.060527831767518046,-0.06358944315979907,-0.062368211506248876,-0.06358016262512914,-0.06231912738927192,0.0011864065433884504
89,0.22039880752563476,0.020316147960707222,0.07327923774719239,0.016451643981146784,382,0.001,"{'columntransformer__countvectorizer__max_features': 382, 'ridge__alpha': 0.001}",-0.09203438740912334,-0.10539864788442947,-0.08981412560416317,-0.10091465980995065,-0.08864787134320698,-0.09536193841017473,0.006610563836602884,-0.062112173578659405,-0.061227954382168784,-0.06455203705246199,-0.06319597594496476,-0.0643087925726049,-0.06307938670617197,0.0012694119710989463
90,0.21469202041625976,0.016575941530634426,0.06594595909118653,0.00722287572650424,402,0.01,"{'columntransformer__countvectorizer__max_features': 402, 'ridge__alpha': 0.01}",-0.0920778897004918,-0.10563033083774208,-0.08928815402675234,-0.10112000053823518,-0.08870117792751063,-0.09536351060614641,0.006791711316441846,-0.06119044964829824,-0.060396625484691685,-0.06319895660888106,-0.06204086129474951,-0.06334311970250117,-0.06203400254782433,0.0011369729875967056
91,0.3384891986846924,0.032325074081162926,0.08873391151428223,0.014532192420492989,120,0.001,"{'columntransformer__countvectorizer__max_features': 120, 'ridge__alpha': 0.001}",-0.09426508783646889,-0.09778381095035853,-0.09123468529235354,-0.10209993984362854,-0.09178312233153044,-0.09543332925086798,0.00405674427741789,-0.07901112923130267,-0.07875426509458833,-0.08176915536714476,-0.07837189397666898,-0.0810460315442732,-0.07979049504279559,0.00135536571774539
92,0.24617304801940917,0.003325080947485381,0.06072421073913574,0.007740297030854674,318,0.001,"{'columntransformer__countvectorizer__max_features': 318, 'ridge__alpha': 0.001}",-0.09199050313286553,-0.1056487535875722,-0.09019777046112183,-0.09914228069817105,-0.09035960589955631,-0.09546778275585739,0.006051645663167719,-0.0665472923455015,-0.06506325878544424,-0.06775682643996968,-0.06700193921694275,-0.06869610512613192,-0.067013084382798,0.0012169319920952808
93,0.24474945068359374,0.021702081728523184,0.05913500785827637,0.008148868040673963,331,0.001,"{'columntransformer__countvectorizer__max_features': 331, 'ridge__alpha': 0.001}",-0.09181739068370556,-0.10539509980303119,-0.09049512904163264,-0.09911306503263104,-0.09054035229430944,-0.09547220737106196,0.0059020645022192335,-0.0654928163899174,-0.06452185329485985,-0.06695254352492791,-0.0663611500996115,-0.06805140330642247,-0.06627595332314781,0.0012089190047645025
94,0.23069095611572266,0.026618213332155062,0.07253861427307129,0.01175142913331958,335,0.01,"{'columntransformer__countvectorizer__max_features': 335, 'ridge__alpha': 0.01}",-0.09169480787193672,-0.1051770807724801,-0.09077828810461616,-0.10014672618418273,-0.08972186727136967,-0.09550375404091707,0.006089314480759067,-0.06535310643698956,-0.06424539535261624,-0.06685539701806929,-0.0659588551323168,-0.06782693241153596,-0.06604793727030558,0.0012293655140797146
95,0.23788180351257324,0.020728852167198445,0.05965895652770996,0.003637959689120623,437,0.01,"{'columntransformer__countvectorizer__max_features': 437, 'ridge__alpha': 0.01}",-0.0920778897004918,-0.10563033083774208,-0.08928815402675234,-0.10184526182999293,-0.08877950827494965,-0.09552422893398575,0.006904286982605608,-0.06119044964829824,-0.060396625484691685,-0.06319895660888106,-0.06139288207290187,-0.06296000368591315,-0.0618277835001372,0.001077551409307785
95,0.31523957252502444,0.05105660488768968,0.09071197509765624,0.03753751679355882,439,0.01,"{'columntransformer__countvectorizer__max_features': 439, 'ridge__alpha': 0.01}",-0.0920778897004918,-0.10563033083774208,-0.08928815402675234,-0.10184526182999293,-0.08877950827494965,-0.09552422893398575,0.006904286982605608,-0.06119044964829824,-0.060396625484691685,-0.06319895660888106,-0.06139288207290187,-0.06296000368591315,-0.0618277835001372,0.001077551409307785
95,0.22745394706726074,0.013837259893233613,0.0635498046875,0.011310466140815878,436,0.01,"{'columntransformer__countvectorizer__max_features': 436, 'ridge__alpha': 0.01}",-0.0920778897004918,-0.10563033083774208,-0.08928815402675234,-0.10184526182999293,-0.08877950827494965,-0.09552422893398575,0.006904286982605608,-0.06119044964829824,-0.060396625484691685,-0.06319895660888106,-0.06139288207290187,-0.06296000368591315,-0.0618277835001372,0.001077551409307785
95,0.23352160453796386,0.017290271460469665,0.05643386840820312,0.005203693678275307,433,0.01,"{'columntransformer__countvectorizer__max_features': 433, 'ridge__alpha': 0.01}",-0.0920778897004918,-0.10563033083774208,-0.08928815402675234,-0.10184526182999293,-0.08877950827494965,-0.09552422893398575,0.006904286982605608,-0.06119044964829824,-0.060396625484691685,-0.06319895660888106,-0.06139288207290187,-0.06296000368591315,-0.0618277835001372,0.001077551409307785
99,0.24215936660766602,0.016456673676531645,0.05870776176452637,0.008076675560355512,392,0.001,"{'columntransformer__countvectorizer__max_features': 392, 'ridge__alpha': 0.001}",-0.09221116163428944,-0.10609554712786705,-0.08953165170678949,-0.10158718035566446,-0.08877697796960307,-0.0956405037588427,0.00694056685661964,-0.0615374192775048,-0.06079292349968252,-0.06373408267880752,-0.06250416081730249,-0.06380085718841493,-0.06247388869234245,0.0011876421698897163
100,0.23755736351013185,0.025630413937131252,0.05770831108093262,0.004169080814576183,428,0.001,"{'columntransformer__countvectorizer__max_features': 428, 'ridge__alpha': 0.001}",-0.09218972982895225,-0.1058435977858838,-0.08938678729839573,-0.10200806277173412,-0.08887057511658851,-0.09565975056031088,0.006949760102543875,-0.06115498675839144,-0.06037332382888755,-0.063169233983231,-0.06136262650577468,-0.06293755043868798,-0.06179954430299452,0.0010781061372254945
100,0.233672571182251,0.024582428258330846,0.0629347801208496,0.01481969761842219,414,0.001,"{'columntransformer__countvectorizer__max_features': 414, 'ridge__alpha': 0.001}",-0.09218972982895225,-0.1058435977858838,-0.08938678729839573,-0.10200806277173412,-0.08887057511658851,-0.09565975056031088,0.006949760102543875,-0.06115498675839144,-0.06037332382888755,-0.063169233983231,-0.06136262650577468,-0.06293755043868798,-0.06179954430299452,0.0010781061372254945
100,0.26379990577697754,0.015089332805830179,0.06550793647766114,0.005513721421021573,430,0.001,"{'columntransformer__countvectorizer__max_features': 430, 'ridge__alpha': 0.001}",-0.09218972982895225,-0.1058435977858838,-0.08938678729839573,-0.10200806277173412,-0.08887057511658851,-0.09565975056031088,0.006949760102543875,-0.06115498675839144,-0.06037332382888755,-0.063169233983231,-0.06136262650577468,-0.06293755043868798,-0.06179954430299452,0.0010781061372254945
103,0.24937610626220702,0.021665443888738995,0.06072249412536621,0.0038517588842956973,411,0.001,"{'columntransformer__countvectorizer__max_features': 411, 'ridge__alpha': 0.001}",-0.09218972982895225,-0.1058435977858838,-0.08938678729839573,-0.10200806277173412,-0.08895015465242508,-0.09567566646747819,0.0069342675875037245,-0.06115498675839144,-0.06037332382888755,-0.063169233983231,-0.06136262650577468,-0.06305320153994208,-0.061822674523245344,0.0011032214358910135
104,0.2247668743133545,0.009464891774745935,0.0670393943786621,0.011500380597131847,358,0.001,"{'columntransformer__countvectorizer__max_features': 358, 'ridge__alpha': 0.001}",-0.091631407121347,-0.10601979805414355,-0.09044968203361219,-0.1006836225266193,-0.08998777849670463,-0.09575445764648535,0.00645087061493159,-0.063564074475205,-0.06282392046817123,-0.06578912912752038,-0.06443700956788101,-0.06613073447159382,-0.06454897362207428,0.0012647785359885852
105,0.24435887336730958,0.019691969078743345,0.05618715286254883,0.00590897117451988,110,0.1,"{'columntransformer__countvectorizer__max_features': 110, 'ridge__alpha': 0.1}",-0.09542049151433521,-0.09988240902244393,-0.09120374140393128,-0.10330500555218247,-0.09126441648274881,-0.09621521279512833,0.004774312538014612,-0.08053392888285517,-0.0814431962437754,-0.0829220744078209,-0.079752533101957,-0.08182499080073401,-0.0812953446874285,0.0010870746328547004
106,0.25517854690551756,0.0163164297722865,0.058819818496704104,0.007519118502209132,113,0.001,"{'columntransformer__countvectorizer__max_features': 113, 'ridge__alpha': 0.001}",-0.09539346337411468,-0.09960878138862296,-0.09144317659441244,-0.10221187116163405,-0.09317005330335443,-0.0963654691644277,0.004002097760499634,-0.0804524737743691,-0.08058476326873498,-0.08251039688334454,-0.07911151752300158,-0.08175140289251384,-0.08088211086839281,0.0011674749155347998
107,0.23692102432250978,0.038489706794842905,0.060402202606201175,0.013204978393496285,116,0.001,"{'columntransformer__countvectorizer__max_features': 116, 'ridge__alpha': 0.001}",-0.09527168095745542,-0.09977567155805091,-0.09207992417499782,-0.10213843189234838,-0.09313229806699194,-0.09647960132996888,0.0038705842481675133,-0.07980140523096896,-0.07986726434278969,-0.08214613974498408,-0.07910365841027223,-0.08171391199140265,-0.08052647594408352,0.0011847373044889089
108,0.25531721115112305,0.02107318895036856,0.06085648536682129,0.004689523649705226,102,0.1,"{'columntransformer__countvectorizer__max_features': 102, 'ridge__alpha': 0.1}",-0.09672238804891059,-0.10056840103155286,-0.090042807942225,-0.10401797239482406,-0.09302490828312059,-0.09687529554012662,0.005023715961849299,-0.08088377480623621,-0.08251111130245138,-0.08393669009367605,-0.08031453380964837,-0.08340125516425868,-0.08220947303525414,0.001403059479659837
109,0.2082244873046875,0.004064160527739687,0.08123316764831542,0.0053714765366076585,108,0.01,"{'columntransformer__countvectorizer__max_features': 108, 'ridge__alpha': 0.01}",-0.09640355051835449,-0.09977499226981676,-0.09131296499060539,-0.10410043633579395,-0.09324383370284492,-0.09696715556348309,0.004580792265651744,-0.0808434377925398,-0.08171203475101674,-0.0835402126981676,-0.07994959227000227,-0.08218290050391044,-0.08164563560312736,0.0012167636668354727
110,0.21690545082092286,0.027985319357497894,0.06804695129394531,0.007215816882594308,103,0.01,"{'columntransformer__countvectorizer__max_features': 103, 'ridge__alpha': 0.01}",-0.09676032490372329,-0.10057135471432245,-0.09023700977054615,-0.10404129552539514,-0.09373319532079495,-0.0970686360469564,0.004873978999632503,-0.08086861275258284,-0.08255108832818141,-0.083869818368857,-0.08011838675014275,-0.08295749936663457,-0.08207308111327971,0.0013791682562431578
111,0.23935399055480958,0.009062618179176727,0.06109461784362793,0.006536202078541617,106,0.001,"{'columntransformer__countvectorizer__max_features': 106, 'ridge__alpha': 0.001}",-0.09649562932857625,-0.0999736242931831,-0.09090766688347982,-0.10408272372763139,-0.0939294574880784,-0.0970778203441898,0.004599484334215544,-0.08090900004884459,-0.08193883740011106,-0.08389508380141544,-0.0799522437980049,-0.08245176785265763,-0.08182938658020672,0.0013444120894926508
112,0.23593406677246093,0.014862793578265442,0.059048700332641604,0.015631645531602227,102,0.01,"{'columntransformer__countvectorizer__max_features': 102, 'ridge__alpha': 0.01}",-0.09674381127194832,-0.10060082590959182,-0.09024367154028286,-0.10416115693808489,-0.09452619486372815,-0.09725513210472721,0.004811568824010856,-0.08087068087092743,-0.08251942202974588,-0.08393551313082379,-0.08030498010100492,-0.08340537039973447,-0.0822071933064473,0.001408892125545611
113,0.23799748420715333,0.018758117105633167,0.06418843269348144,0.012156501643048058,424,100.0,"{'columntransformer__countvectorizer__max_features': 424, 'ridge__alpha': 100.0}",-0.10765258073844342,-0.10855348603435108,-0.09285715555185485,-0.11190450865184341,-0.09295019835233932,-0.10278358586576641,0.00819047764494029,-0.09683838694490317,-0.09706728134383685,-0.10033551344344582,-0.09633112823168553,-0.10051010311231254,-0.09821648261523679,0.0018179856449302182
114,0.23694357872009278,0.010690343136809059,0.05238194465637207,0.006667585475167478,377,100.0,"{'columntransformer__countvectorizer__max_features': 377, 'ridge__alpha': 100.0}",-0.10764837175164375,-0.1085590934203256,-0.09286321109458245,-0.11190012601229614,-0.09295054127477455,-0.1027842687107245,0.008188241968448187,-0.09685393892791798,-0.09708257053089245,-0.10036308607709417,-0.09636114404285824,-0.10053666336465526,-0.09823948058868362,0.0018206077958498909
115,0.2766436576843262,0.01364418496136254,0.06575899124145508,0.013763513600313918,280,100.0,"{'columntransformer__countvectorizer__max_features': 280, 'ridge__alpha': 100.0}",-0.10764687608268823,-0.10859780783922912,-0.09287770302143619,-0.11192115765309674,-0.0929596117938998,-0.10280063127807001,0.008192527275746103,-0.09693328637552093,-0.0971531056745595,-0.10043149526575704,-0.0964265752425501,-0.10060890010057075,-0.09831067253179167,0.0018202590625829391
116,0.25018863677978515,0.020625557558479477,0.05865921974182129,0.007944056984170049,266,100.0,"{'columntransformer__countvectorizer__max_features': 266, 'ridge__alpha': 100.0}",-0.10764741710316483,-0.10859869829957396,-0.09288033427992126,-0.1119258706109201,-0.09296126053972481,-0.102802716166661,0.008192733295137427,-0.09694544635041574,-0.0971694181364637,-0.10044061348937601,-0.096437665255761,-0.10062156973772973,-0.09832294259394922,0.001819373627615528
117,0.23874640464782715,0.01651699181005631,0.05445113182067871,0.0033789239677464423,264,100.0,"{'columntransformer__countvectorizer__max_features': 264, 'ridge__alpha': 100.0}",-0.10764754784481964,-0.10860044722265984,-0.09287892505486377,-0.1119298752840425,-0.09296194364281847,-0.10280374780984085,0.008194065431964095,-0.09694667103268377,-0.09716848059184448,-0.1004438262344447,-0.0964392433696679,-0.10062393266413712,-0.0983244307785556,0.001820325264251822
118,0.2438663959503174,0.017685677884638422,0.06027841567993164,0.006151243784470388,227,100.0,"{'columntransformer__countvectorizer__max_features': 227, 'ridge__alpha': 100.0}",-0.10763728268176356,-0.10860416185840413,-0.09290118909616946,-0.11194105859463925,-0.09297974074264218,-0.10281268659472372,0.008186204191144504,-0.09702071567602821,-0.09721109842433266,-0.10050929591874767,-0.09649604691298211,-0.10068618300953922,-0.09838466798832599,0.0018229391780081453
119,0.23280253410339355,0.008579090000967899,0.05927562713623047,0.009672562539150272,234,100.0,"{'columntransformer__countvectorizer__max_features': 234, 'ridge__alpha': 100.0}",-0.10764224224613307,-0.10860517918667759,-0.09290767850945397,-0.1119370206302431,-0.09298510725788493,-0.10281544556607854,0.00818317190997651,-0.09700709435357727,-0.09720113903723981,-0.10049695397276032,-0.09648532945672766,-0.10067694096362334,-0.09837349155678568,0.0018232706691566351
120,0.21788287162780762,0.006909318476864066,0.05210056304931641,0.007227945866469843,211,100.0,"{'columntransformer__countvectorizer__max_features': 211, 'ridge__alpha': 100.0}",-0.10766133018910494,-0.10864245769524564,-0.09289589362081402,-0.11199956415274802,-0.09299623475087823,-0.10283909608175816,0.008204831716017583,-0.09704782006548746,-0.09724635091393843,-0.10054763522382824,-0.09652417556785384,-0.10072191446058604,-0.09841757924633879,0.0018264770875487406
121,0.23305816650390626,0.015632364242809303,0.0599402904510498,0.011237611532075536,207,100.0,"{'columntransformer__countvectorizer__max_features': 207, 'ridge__alpha': 100.0}",-0.10765961944171513,-0.10864025862262476,-0.09289041104179012,-0.11202348282981885,-0.09304107139466859,-0.10285096866612349,0.008200253767163556,-0.09705092515201837,-0.09725858284434864,-0.10056308996542762,-0.09653331891234936,-0.10073693670984328,-0.09842857071679746,0.0018299444967932606
121,0.24643487930297853,0.026606162219108224,0.0554046630859375,0.006583650075591739,207,100.0,"{'columntransformer__countvectorizer__max_features': 207, 'ridge__alpha': 100.0}",-0.10765961944171513,-0.10864025862262476,-0.09289041104179012,-0.11202348282981885,-0.09304107139466859,-0.10285096866612349,0.008200253767163556,-0.09705092515201837,-0.09725858284434864,-0.10056308996542762,-0.09653331891234936,-0.10073693670984328,-0.09842857071679746,0.0018299444967932606
123,0.22156105041503907,0.013312553367599782,0.05698132514953613,0.008915684545439104,184,100.0,"{'columntransformer__countvectorizer__max_features': 184, 'ridge__alpha': 100.0}",-0.10770916429135778,-0.10868086590823893,-0.09293239548276996,-0.11205792092664413,-0.0930924800208222,-0.1028945653259666,0.0081970046700541,-0.09712355051309444,-0.09730391477395048,-0.10060298358067887,-0.09660616681343581,-0.10078596832049559,-0.09848451680033103,0.0018198257967213672
124,0.2471916675567627,0.013870033526002985,0.054227018356323244,0.0053774736830945686,177,100.0,"{'columntransformer__countvectorizer__max_features': 177, 'ridge__alpha': 100.0}",-0.10773310238466456,-0.10868976694084896,-0.09292260432037341,-0.1120664014493735,-0.09310861524759413,-0.10290409806857093,0.008201496831282956,-0.09714349761608691,-0.09733423602232538,-0.10065474927035654,-0.09661864838855723,-0.10080355218972416,-0.09851093669741004,0.0018268709482181698
125,0.24818263053894044,0.029665616591181204,0.07432098388671875,0.04115225243443189,153,100.0,"{'columntransformer__countvectorizer__max_features': 153, 'ridge__alpha': 100.0}",-0.10776529643114947,-0.10874655014412235,-0.09292064676019439,-0.11219749316589572,-0.09312445143792784,-0.10295088758785795,0.008239326794851997,-0.09729808886650822,-0.09744317916576861,-0.10079852513243272,-0.09676656325432648,-0.10096227102097798,-0.0986537254880028,0.0018327085058236902
126,0.23266797065734862,0.009373460334295435,0.05871868133544922,0.0056663476158399385,151,100.0,"{'columntransformer__countvectorizer__max_features': 151, 'ridge__alpha': 100.0}",-0.10782040429945437,-0.10873895591387446,-0.09292240910976161,-0.11220347936756507,-0.09313455632266557,-0.10296396100266422,0.008243230775804078,-0.09731722796827372,-0.09748496747341075,-0.10080660220544928,-0.09677677553472933,-0.10097427909942829,-0.09867197045625828,0.0018272024996534024
127,0.22115225791931153,0.019696985372912482,0.05323448181152344,0.005442064895217135,112,100.0,"{'columntransformer__countvectorizer__max_features': 112, 'ridge__alpha': 100.0}",-0.10827418875624546,-0.10920976692919396,-0.09342910416495752,-0.1125878173666564,-0.09349227250803963,-0.10339862994501861,0.00824025380906511,-0.09781174159010575,-0.09806553227108748,-0.1014093403281168,-0.09713656187865874,-0.1014523577800779,-0.09917510676960932,0.001866722111698185
128,0.2704353332519531,0.03378422215117389,0.06521024703979492,0.006189807025722973,400,1000.0,"{'columntransformer__countvectorizer__max_features': 400, 'ridge__alpha': 1000.0}",-0.12119644828423651,-0.12052363018131833,-0.10564094914269051,-0.12485814146818913,-0.10399701001633539,-0.11524323581855397,0.008653914930702862,-0.11236090586964305,-0.11269627758342891,-0.11650581803389218,-0.11202233226585828,-0.11674308374593168,-0.11406568349975084,0.0021014067773652027
128,0.23272829055786132,0.017746333837888144,0.057173967361450195,0.0048921679975350765,400,1000.0,"{'columntransformer__countvectorizer__max_features': 400, 'ridge__alpha': 1000.0}",-0.12119644828423651,-0.12052363018131833,-0.10564094914269051,-0.12485814146818913,-0.10399701001633539,-0.11524323581855397,0.008653914930702862,-0.11236090586964305,-0.11269627758342891,-0.11650581803389218,-0.11202233226585828,-0.11674308374593168,-0.11406568349975084,0.0021014067773652027
130,0.32070484161376955,0.037691482987895236,0.06948833465576172,0.0075481314436622714,435,1000.0,"{'columntransformer__countvectorizer__max_features': 435, 'ridge__alpha': 1000.0}",-0.12119644828423651,-0.12052363018131833,-0.10564094914269051,-0.12485825084550058,-0.10399701377399943,-0.11524325844554906,0.008653938258788425,-0.11236090586964305,-0.11269627758342891,-0.11650581803389218,-0.11202099013494085,-0.11674212434196847,-0.1140652231927747,0.002101423391659027
130,0.23351683616638183,0.016927706246035346,0.053836393356323245,0.006567500232531272,417,1000.0,"{'columntransformer__countvectorizer__max_features': 417, 'ridge__alpha': 1000.0}",-0.12119644828423651,-0.12052363018131833,-0.10564094914269051,-0.12485825084550058,-0.10399701377399943,-0.11524325844554906,0.008653938258788425,-0.11236090586964305,-0.11269627758342891,-0.11650581803389218,-0.11202099013494085,-0.11674212434196847,-0.1140652231927747,0.002101423391659027
132,0.23467473983764647,0.00913126918384379,0.05864243507385254,0.00902360478940354,392,1000.0,"{'columntransformer__countvectorizer__max_features': 392, 'ridge__alpha': 1000.0}",-0.12119594346020512,-0.12052363464332704,-0.10564206548191968,-0.12485863117962813,-0.10399673341240684,-0.11524340163549737,0.008653779013037788,-0.11236129807895803,-0.11269671294619342,-0.11650734949202048,-0.11202291106599449,-0.11674387694237817,-0.11406642970510891,0.00210173163867603
133,0.2247020721435547,0.018274047336794417,0.07287154197692872,0.011160717490698316,379,1000.0,"{'columntransformer__countvectorizer__max_features': 379, 'ridge__alpha': 1000.0}",-0.12119590988604109,-0.12052408287696052,-0.10564191151044337,-0.12485797386388146,-0.10399721995580899,-0.1152434196186271,0.008653590734186561,-0.11236220852860458,-0.11269797935820632,-0.11650911268698384,-0.11202433391098529,-0.11674487660488066,-0.11406770221793214,0.0021018064254899817
134,0.22848773002624512,0.022252427681895223,0.057222843170166016,0.010173557352274753,310,1000.0,"{'columntransformer__countvectorizer__max_features': 310, 'ridge__alpha': 1000.0}",-0.12119640850204925,-0.12052639144862248,-0.10564373202995571,-0.12485995750469019,-0.10399739303700019,-0.11524477650446356,0.00865393292539079,-0.11236927195251124,-0.1127037228899595,-0.11651435861687413,-0.11202998572012943,-0.11675181921599508,-0.11407383167909388,0.0021018000495458774
134,0.23663368225097656,0.017324456178206743,0.05813159942626953,0.004068114339551363,310,1000.0,"{'columntransformer__countvectorizer__max_features': 310, 'ridge__alpha': 1000.0}",-0.12119640850204925,-0.12052639144862248,-0.10564373202995571,-0.12485995750469019,-0.10399739303700019,-0.11524477650446356,0.00865393292539079,-0.11236927195251124,-0.1127037228899595,-0.11651435861687413,-0.11202998572012943,-0.11675181921599508,-0.11407383167909388,0.0021018000495458774
136,0.31061363220214844,0.03552565356912112,0.07336239814758301,0.019351696480692706,286,1000.0,"{'columntransformer__countvectorizer__max_features': 286, 'ridge__alpha': 1000.0}",-0.12119584176294293,-0.12052749149425791,-0.1056439078662454,-0.12486038950686949,-0.1039980338384727,-0.11524513289375768,0.00865387967739776,-0.11237125519904054,-0.11270552001958359,-0.11651670594972484,-0.11203168053989312,-0.11675322346467645,-0.1140756770345837,0.002101817440188147
137,0.23433365821838378,0.01963854144298848,0.05645394325256348,0.00654996328959036,304,1000.0,"{'columntransformer__countvectorizer__max_features': 304, 'ridge__alpha': 1000.0}",-0.121196391753783,-0.12052701131249105,-0.10564407677818331,-0.1248599514442176,-0.1039983233990519,-0.11524515093754537,0.008653686610347794,-0.11236968895394668,-0.11270431636092007,-0.11651486349969871,-0.11203028986547822,-0.11675215377359643,-0.11407426249072801,0.0021017983938281504
138,0.23099360466003419,0.01578382374584074,0.06328387260437011,0.0108032697383446,295,1000.0,"{'columntransformer__countvectorizer__max_features': 295, 'ridge__alpha': 1000.0}",-0.12119597216904293,-0.12052771707426309,-0.10564389598342351,-0.12486031584194125,-0.1039980781959752,-0.11524519585292918,0.00865389988843063,-0.11237054190071724,-0.11270502526446485,-0.11651577096282215,-0.11203104194469664,-0.11675280146352633,-0.11407503630724544,0.0021017971493216526
139,0.2189311981201172,0.019930992693316954,0.07203879356384277,0.028110411551765357,283,1000.0,"{'columntransformer__countvectorizer__max_features': 283, 'ridge__alpha': 1000.0}",-0.12119583790872535,-0.12052844180220591,-0.10564390463993266,-0.12486093139298597,-0.10399804182394899,-0.11524543151355977,0.008654114224387844,-0.11237136705700024,-0.11270587485491174,-0.11651675555346774,-0.11203182016239364,-0.1167533740611451,-0.1140758383377837,0.002101775772837929
140,0.23636326789855958,0.02658071261030959,0.05563254356384277,0.0026225565793278017,250,1000.0,"{'columntransformer__countvectorizer__max_features': 250, 'ridge__alpha': 1000.0}",-0.1211962358728707,-0.12052906495418791,-0.1056437752439644,-0.12486116363198876,-0.10399816494485621,-0.11524568092957362,0.0086542933519381,-0.11237720066881118,-0.11270939686505939,-0.11652005404794927,-0.11203490623680266,-0.11675675893669678,-0.11407966335106386,0.002101398991696336
141,0.23224377632141113,0.013917511206206944,0.0526280403137207,0.005022544248744927,225,1000.0,"{'columntransformer__countvectorizer__max_features': 225, 'ridge__alpha': 1000.0}",-0.1211949318701733,-0.12053017100976321,-0.10564636381114559,-0.12486333266630273,-0.10400237996351826,-0.11524743586418063,0.008653061162910225,-0.11238295844105467,-0.1127136519535933,-0.11652656066745178,-0.11204031605110057,-0.11676305876018708,-0.11408530917467748,0.0021019747915503135
142,0.23659276962280273,0.013567539699506252,0.06407327651977539,0.009315287138839183,220,1000.0,"{'columntransformer__countvectorizer__max_features': 220, 'ridge__alpha': 1000.0}",-0.12119859281804127,-0.12052973032366023,-0.1056460838092247,-0.12486747245077243,-0.10400213258260628,-0.11524880239686097,0.008654557245916544,-0.1123842089629174,-0.11271469414769705,-0.1165275752360332,-0.11204227394930628,-0.11676415744161556,-0.11408658194751391,0.0021017708660420594
143,0.25730457305908205,0.009947141292508583,0.06698503494262695,0.013927239244474475,207,1000.0,"{'columntransformer__countvectorizer__max_features': 207, 'ridge__alpha': 1000.0}",-0.12119768657453123,-0.12053209930522032,-0.10564722598253806,-0.12487323325293836,-0.104007234184126,-0.1152514958598708,0.008654423235924738,-0.11238639496516874,-0.11271897315796436,-0.11653123884527686,-0.11204383755387472,-0.11676854679796025,-0.11408979826404897,0.0021025234989071055
144,0.22559828758239747,0.01749097026319782,0.0682833194732666,0.016217621656568842,169,1000.0,"{'columntransformer__countvectorizer__max_features': 169, 'ridge__alpha': 1000.0}",-0.1212081090883041,-0.12053876407357271,-0.10565302051256201,-0.12487982742656258,-0.1040179312270649,-0.11525953046561326,0.008654069512695138,-0.11240404259766958,-0.11273267984463546,-0.11654505778203308,-0.11205618459049319,-0.11678463992972361,-0.11410452094891099,0.002102784547250367
145,0.24307699203491212,0.01924088799762639,0.06663141250610352,0.015048556505112,141,1000.0,"{'columntransformer__countvectorizer__max_features': 141, 'ridge__alpha': 1000.0}",-0.1212197189339926,-0.12055592375165741,-0.10567157674185663,-0.12490630186869665,-0.10403634671638151,-0.11527797360251694,0.008654742471660575,-0.11243860251554225,-0.11275617057227968,-0.11657643770844722,-0.11208498261214608,-0.11681322404571595,-0.11413388349082623,0.002103093064837645
146,0.23312139511108398,0.02542123311995935,0.057637929916381836,0.006348660893828019,130,1000.0,"{'columntransformer__countvectorizer__max_features': 130, 'ridge__alpha': 1000.0}",-0.12122682114250558,-0.12058260548213727,-0.10568514935389958,-0.12490434349556752,-0.1040422170106768,-0.11528822729695734,0.008654003481797725,-0.11244949429061588,-0.11277601346361178,-0.11659708696267468,-0.11209418349759746,-0.11683010824104267,-0.1141493772911085,0.0021060462012567585
147,0.24051623344421386,0.020428033999594433,0.06072568893432617,0.004790753367509269,401,10000.0,"{'columntransformer__countvectorizer__max_features': 401, 'ridge__alpha': 10000.0}",-0.1250427571224079,-0.12433958730819682,-0.11033548910260388,-0.12922036409398627,-0.10778812997063597,-0.11934526551956615,0.008598438064292288,-0.11749814110142218,-0.1177855454108151,-0.12135487187186908,-0.11684654517628125,-0.12173711067760555,-0.11904444284759863,0.002068582526228835
148,0.2666041851043701,0.02163935989808962,0.07420477867126465,0.022208398095567555,419,10000.0,"{'columntransformer__countvectorizer__max_features': 419, 'ridge__alpha': 10000.0}",-0.1250427571224079,-0.12433958730819682,-0.11033548910260388,-0.12922037213201423,-0.10778813023340993,-0.11934526717972656,0.008598439839950177,-0.11749814110142218,-0.1177855454108151,-0.12135487187186908,-0.11684642795506982,-0.12173703042290496,-0.11904440335241624,0.002068586543194793
149,0.21223978996276854,0.009759056430559437,0.08465685844421386,0.004491567604354096,388,10000.0,"{'columntransformer__countvectorizer__max_features': 388, 'ridge__alpha': 10000.0}",-0.1250426900834431,-0.12433958610237023,-0.11033561395404981,-0.12922034864860546,-0.10778815050762953,-0.11934527785921963,0.008598393806760725,-0.11749819957932056,-0.11778562844349917,-0.12135509936837892,-0.11684664689675214,-0.12173723356665661,-0.11904456157092147,0.0020686248733597814
150,0.23310794830322265,0.005727697376209665,0.06722769737243653,0.009446988794455623,372,10000.0,"{'columntransformer__countvectorizer__max_features': 372, 'ridge__alpha': 10000.0}",-0.12504268796240892,-0.12433963976923483,-0.11033561244872661,-0.12922034561106088,-0.10778815143076136,-0.11934528744443854,0.00859839912969307,-0.11749838055641483,-0.11778581965975245,-0.12135532376678508,-0.11684681304120795,-0.12173740069148098,-0.11904474754312826,0.0020686328727220786
151,0.26720438003540037,0.02565868197724312,0.05603179931640625,0.005571046276972159,353,10000.0,"{'columntransformer__countvectorizer__max_features': 353, 'ridge__alpha': 10000.0}",-0.12504271115616344,-0.12433963913970297,-0.11033567336872839,-0.1292203757020955,-0.1077881620308919,-0.11934531227951643,0.008598393425728162,-0.11749852112214129,-0.11778602706305742,-0.12135543351765629,-0.11684697895771007,-0.12173769544221946,-0.1190449312205569,0.002068652606813058
152,0.24032926559448242,0.018008417540703023,0.05919485092163086,0.006478212716085105,354,10000.0,"{'columntransformer__countvectorizer__max_features': 354, 'ridge__alpha': 10000.0}",-0.12504271138508485,-0.12433963932973481,-0.11033567261941397,-0.12922037765666478,-0.1077881625568619,-0.11934531270955206,0.008598393942735734,-0.11749851103059085,-0.11778602137350123,-0.12135542322066642,-0.11684696906004051,-0.12173769109427762,-0.11904492315581532,0.002068653479235977
153,0.23945331573486328,0.023027548986209165,0.06243486404418945,0.011555517564283883,344,10000.0,"{'columntransformer__countvectorizer__max_features': 344, 'ridge__alpha': 10000.0}",-0.12504273692171783,-0.12433966390568733,-0.11033567359656898,-0.12922037490203486,-0.1077881614472337,-0.11934532215464855,0.00859839964266571,-0.11749863072912438,-0.11778608005937355,-0.12135549260067086,-0.11684704737623763,-0.12173780508730779,-0.11904501117054285,0.00206865697352078
154,0.22669744491577148,0.008839377530583047,0.05293040275573731,0.0045782955395939524,339,10000.0,"{'columntransformer__countvectorizer__max_features': 339, 'ridge__alpha': 10000.0}",-0.12504273681691286,-0.1243396630321788,-0.11033569568557587,-0.12922042650669766,-0.1077881253053527,-0.11934532946934358,0.00859841646727971,-0.11749873814641826,-0.11778612734138884,-0.12135555008956432,-0.11684707220616813,-0.1217378533115688,-0.11904506821902168,0.0020686552795515733
155,0.23224835395812987,0.031232877317937075,0.06675262451171875,0.013395928248132322,332,10000.0,"{'columntransformer__countvectorizer__max_features': 332, 'ridge__alpha': 10000.0}",-0.12504273540673289,-0.12433981460812589,-0.11033574560861971,-0.12922048282681273,-0.1077881235399123,-0.1193453803980407,0.00859843683789303,-0.11749877324155432,-0.11778618793006156,-0.12135560521177258,-0.1168471617633095,-0.12173789707724224,-0.11904512504478804,0.0020686473341642517
156,0.25413832664489744,0.020541142150213635,0.07098703384399414,0.013559926736984512,316,10000.0,"{'columntransformer__countvectorizer__max_features': 316, 'ridge__alpha': 10000.0}",-0.12504277653221488,-0.1243398890000212,-0.11033581445006012,-0.12922047163540606,-0.10778816741462272,-0.119345423806465,0.008598422138240542,-0.11749891995354511,-0.11778628586872353,-0.12135572067454754,-0.11684733812498146,-0.12173801456030485,-0.11904525583642049,0.0020686323801857604
157,0.23680381774902343,0.0082123882934097,0.06111078262329102,0.00826344102425111,296,10000.0,"{'columntransformer__countvectorizer__max_features': 296, 'ridge__alpha': 10000.0}",-0.12504273227179222,-0.12433994310025964,-0.1103358403815822,-0.1292205237592859,-0.10778825482532432,-0.11934545886764884,0.00859840559808382,-0.11749911558377016,-0.11778644742528367,-0.12135589989274609,-0.11684747106975589,-0.12173814681864419,-0.11904541615804001,0.0020686296839239646
158,0.23199043273925782,0.010965221964673495,0.060443687438964847,0.004026928804365665,263,10000.0,"{'columntransformer__countvectorizer__max_features': 263, 'ridge__alpha': 10000.0}",-0.12504273910400757,-0.12434011826199813,-0.1103358525005963,-0.12922064616057247,-0.10778827812188109,-0.1193455268298111,0.008598446165255324,-0.11749946782127416,-0.11778681912787801,-0.12135618754440922,-0.11684774612874,-0.12173838690642402,-0.11904572150574508,0.002068600091244983
159,0.22439498901367189,0.019553086208548898,0.06636662483215332,0.0042653982649832195,254,10000.0,"{'columntransformer__countvectorizer__max_features': 254, 'ridge__alpha': 10000.0}",-0.12504285275874993,-0.12434014257398118,-0.1103358958250803,-0.12922068006498352,-0.10778824688885197,-0.11934556362232937,0.008598471155489692,-0.11749970801019625,-0.11778689583297035,-0.12135633723089723,-0.11684783455049409,-0.12173846988382189,-0.11904584910167595,0.002068591097654169
160,0.24988036155700682,0.02192952000711395,0.06273441314697266,0.01326835775382076,249,10000.0,"{'columntransformer__countvectorizer__max_features': 249, 'ridge__alpha': 10000.0}",-0.12504276459138383,-0.12434013286332424,-0.11033602436697248,-0.1292206637204927,-0.1077882556814492,-0.11934556824472449,0.008598425288012617,-0.11749983294667146,-0.11778692246269222,-0.12135641318706966,-0.11684793834286919,-0.12173861524535552,-0.11904594443693162,0.002068601933160192
161,0.2315202236175537,0.021616229483946987,0.06080436706542969,0.008005011718289459,230,10000.0,"{'columntransformer__countvectorizer__max_features': 230, 'ridge__alpha': 10000.0}",-0.1250426510914895,-0.12434033576574144,-0.11033628427772423,-0.12922087613266717,-0.10778844628334373,-0.11934571871019321,0.00859837690437737,-0.11750029851946477,-0.1177872664567982,-0.12135702508272844,-0.11684833590800518,-0.12173919633987944,-0.11904642446137521,0.0020686939463466455
162,0.23924493789672852,0.0032693350055836585,0.06301827430725097,0.022699369105074158,211,10000.0,"{'columntransformer__countvectorizer__max_features': 211, 'ridge__alpha': 10000.0}",-0.12504294271631242,-0.12434052411847624,-0.11033622361995443,-0.12922159478642806,-0.10778866022783942,-0.11934598909380209,0.008598557703425708,-0.11750071988710238,-0.11778779295269381,-0.12135744457348417,-0.11684879276275908,-0.12173963054346351,-0.1190468761439006,0.0020686765299301854
163,0.231697940826416,0.012469881188405646,0.05907473564147949,0.009106418686123444,215,10000.0,"{'columntransformer__countvectorizer__max_features': 215, 'ridge__alpha': 10000.0}",-0.12504303405603068,-0.12434054718129538,-0.1103361745276644,-0.12922157314699667,-0.10778862881387397,-0.11934599154517223,0.00859858624820298,-0.11750067903309334,-0.11778765767178535,-0.12135733377416533,-0.11684877901826156,-0.12173954910135548,-0.11904679971973223,0.0020686560723127286
164,0.2375089168548584,0.015273443126801052,0.060389375686645506,0.003414838130976128,203,10000.0,"{'columntransformer__countvectorizer__max_features': 203, 'ridge__alpha': 10000.0}",-0.12504288799067922,-0.12434058116165822,-0.11033642232706763,-0.12922185580097365,-0.10778934564343925,-0.1193462185847636,0.008598391141173802,-0.11750097024805023,-0.11778800502166757,-0.12135760289739356,-0.11684895532332161,-0.12173999778318935,-0.11904710625472448,0.0020687097188010826
165,0.27439041137695314,0.015863038212341828,0.08024520874023437,0.011081538070406644,181,10000.0,"{'columntransformer__countvectorizer__max_features': 181, 'ridge__alpha': 10000.0}",-0.1250436577220534,-0.12434099915973386,-0.11033700416588997,-0.1292224155844348,-0.10778981970661841,-0.11934677926774609,0.008598420910792229,-0.11750184527555763,-0.11778882864701155,-0.1213583619765151,-0.11684982060607813,-0.12174050738223373,-0.11904787277747923,0.002068597010582149
166,0.2282262325286865,0.010420654419932554,0.05732593536376953,0.006780762212629532,178,10000.0,"{'columntransformer__countvectorizer__max_features': 178, 'ridge__alpha': 10000.0}",-0.12504364676119806,-0.12434096161491415,-0.11033694381560258,-0.12922250070069366,-0.10778995648237591,-0.11934680187495686,0.008598410529167502,-0.11750197970469846,-0.11778893390349365,-0.1213584658376745,-0.11684986108265648,-0.12174062938015685,-0.11904797398173599,0.002068610463637666
167,0.2671669006347656,0.01119286878123652,0.059680604934692384,0.005812006138800764,175,10000.0,"{'columntransformer__countvectorizer__max_features': 175, 'ridge__alpha': 10000.0}",-0.1250441987389327,-0.12434119805530108,-0.11033694715313808,-0.12922254520228157,-0.10779080565402302,-0.11934713896073527,0.008598292396719949,-0.11750235176541145,-0.11778907335562677,-0.12135880786539043,-0.11684989281923101,-0.12174113791161678,-0.11904825274345529,0.0020687399266939915
168,0.2390049934387207,0.024030958521999043,0.06156902313232422,0.004178316341782249,158,10000.0,"{'columntransformer__countvectorizer__max_features': 158, 'ridge__alpha': 10000.0}",-0.12504415751057874,-0.12434177163238035,-0.11033721439598076,-0.129223162155857,-0.10779091436889605,-0.11934744401273858,0.008598410051245751,-0.11750379491315999,-0.11779011842081152,-0.1213607642359931,-0.11685097288664557,-0.12174238081842492,-0.11904960625500702,0.0020689280828490825
169,0.22954826354980468,0.01455008678556184,0.06024270057678223,0.00938416128405518,121,10000.0,"{'columntransformer__countvectorizer__max_features': 121, 'ridge__alpha': 10000.0}",-0.12504749295363451,-0.1243467912477265,-0.11034235679532933,-0.12922804664420345,-0.1077936705090147,-0.1193516716299817,0.008598738601332902,-0.11750880109084604,-0.1177959536040365,-0.12136726534061441,-0.11685591358678989,-0.12174836862529573,-0.1190552604495165,0.0020694306059680888
170,0.24503765106201172,0.014180370562622505,0.06594738960266114,0.010253581420163032,104,10000.0,"{'columntransformer__countvectorizer__max_features': 104, 'ridge__alpha': 10000.0}",-0.12505310253544716,-0.12435330935765924,-0.1103480505191211,-0.12923321465706558,-0.10779502761205803,-0.11935654093627024,0.008599868399447298,-0.11751427335165905,-0.11780243622559473,-0.12137365662493844,-0.11685975737394248,-0.12175271725232861,-0.11906056816569266,0.002069566944877922
171,0.22836952209472655,0.018985074113866702,0.05217556953430176,0.0043352480358921685,102,10000.0,"{'columntransformer__countvectorizer__max_features': 102, 'ridge__alpha': 10000.0}",-0.12505294192863475,-0.12435455186097734,-0.11034805154027386,-0.12923321960766695,-0.1077960739188944,-0.11935696777128948,0.008599711122985458,-0.11751425050816265,-0.11780330893058764,-0.12137368319829767,-0.11686040599521401,-0.12175415063687244,-0.11906115985382688,0.0020697052249674217
172,0.22636089324951172,0.012654253082852264,0.06195025444030762,0.008638026246114752,419,100000.0,"{'columntransformer__countvectorizer__max_features': 419, 'ridge__alpha': 100000.0}",-0.12660413485863406,-0.1261654982378636,-0.1124980700465766,-0.13132639296420975,-0.10940827340872761,-0.12120047390320232,0.008615951260085143,-0.11969556513741882,-0.11984733182038668,-0.12312476363060809,-0.11849547738477693,-0.12396051589021002,-0.12102473077268013,0.002125043272017218
172,0.23638339042663575,0.016399198505632578,0.05674386024475098,0.01364320181759166,433,100000.0,"{'columntransformer__countvectorizer__max_features': 433, 'ridge__alpha': 100000.0}",-0.12660413485863406,-0.1261654982378636,-0.1124980700465766,-0.13132639296420975,-0.10940827340872761,-0.12120047390320232,0.008615951260085143,-0.11969556513741882,-0.11984733182038668,-0.12312476363060809,-0.11849547738477693,-0.12396051589021002,-0.12102473077268013,0.002125043272017218
174,0.2262490749359131,0.011772648202058453,0.05218758583068848,0.005757720939883797,390,100000.0,"{'columntransformer__countvectorizer__max_features': 390, 'ridge__alpha': 100000.0}",-0.12660413157704145,-0.12616549838878482,-0.11249808319466878,-0.13132639092314588,-0.1094082758649557,-0.12120047598971935,0.008615947057757882,-0.11969557007023496,-0.11984733851638024,-0.12312478532392271,-0.11849549883923116,-0.12396053599830861,-0.12102474574961553,0.0021250466494266954
175,0.23226585388183593,0.0057528346527275535,0.05163154602050781,0.004155132075496804,374,100000.0,"{'columntransformer__countvectorizer__max_features': 374, 'ridge__alpha': 100000.0}",-0.12660413189690503,-0.1261655036898881,-0.11249808310517548,-0.13132639082062772,-0.10940827632733535,-0.12120047716798635,0.008615947576256461,-0.11969558843359487,-0.11984735584087801,-0.12312480880121954,-0.1184955156417146,-0.12396055308093513,-0.12102476435966843,0.00212504779298026
176,0.20529961585998535,0.017107723790771377,0.05226302146911621,0.005320547786872506,384,100000.0,"{'columntransformer__countvectorizer__max_features': 384, 'ridge__alpha': 100000.0}",-0.1266041316791855,-0.1261655086566573,-0.11249808325027337,-0.13132639122642,-0.10940827596119901,-0.12120047815474706,0.008615948287670733,-0.1196955736284168,-0.11984734661428023,-0.1231247896904863,-0.11849550492122135,-0.12396054207154045,-0.12102475138518902,0.0021250464002902825
177,0.24326705932617188,0.026318950982981572,0.05634431838989258,0.004311431819213467,363,100000.0,"{'columntransformer__countvectorizer__max_features': 363, 'ridge__alpha': 100000.0}",-0.1266041319286693,-0.12616551006633073,-0.11249808721263145,-0.13132639664679288,-0.10940827797292578,-0.12120048076547,0.008615948404401587,-0.11969559611306048,-0.11984737086868051,-0.12312481457198536,-0.11849552436192926,-0.1239605692636607,-0.12102477503586326,0.002125048703186012
177,0.22657442092895508,0.006848470352595153,0.055519628524780276,0.006523656781136206,363,100000.0,"{'columntransformer__countvectorizer__max_features': 363, 'ridge__alpha': 100000.0}",-0.1266041319286693,-0.12616551006633073,-0.11249808721263145,-0.13132639664679288,-0.10940827797292578,-0.12120048076547,0.008615948404401587,-0.11969559611306048,-0.11984737086868051,-0.12312481457198536,-0.11849552436192926,-0.1239605692636607,-0.12102477503586326,0.002125048703186012
179,0.23653240203857423,0.017219332916531188,0.0640829086303711,0.010547788796760178,338,100000.0,"{'columntransformer__countvectorizer__max_features': 338, 'ridge__alpha': 100000.0}",-0.1266041369618174,-0.12616550622800635,-0.11249809167451162,-0.13132639831942694,-0.10940827454160051,-0.12120048154507257,0.008615949024433536,-0.11969562762074669,-0.11984739333393218,-0.12312483389850283,-0.11849554371348832,-0.12396060346986598,-0.1210248004073072,0.0021250509369173725
180,0.22671093940734863,0.011934667849511776,0.056174850463867186,0.009068306882369793,336,100000.0,"{'columntransformer__countvectorizer__max_features': 336, 'ridge__alpha': 100000.0}",-0.1266041368210952,-0.12616552007291357,-0.11249809335723107,-0.13132639812541713,-0.10940827455078352,-0.12120048458548809,0.00861595021440034,-0.11969562916591994,-0.11984739506880394,-0.12312483545374986,-0.11849554724709059,-0.12396060400859116,-0.12102480218883112,0.0021250501664721246
181,0.22229375839233398,0.017277619035677358,0.05524077415466309,0.005807184187483158,334,100000.0,"{'columntransformer__countvectorizer__max_features': 334, 'ridge__alpha': 100000.0}",-0.12660413674828996,-0.12616552022516675,-0.11249809745003149,-0.13132639799164433,-0.10940827434361178,-0.12120048535174885,0.008615949421309037,-0.11969563060063874,-0.1198473975288724,-0.12312483775723375,-0.11849555016580421,-0.12396060598401143,-0.12102480440731211,0.0021250500207036413
182,0.2464834213256836,0.02155747524260864,0.0588106632232666,0.011029694821934893,323,100000.0,"{'columntransformer__countvectorizer__max_features': 323, 'ridge__alpha': 100000.0}",-0.1266041365930234,-0.12616552805827186,-0.11249809741401906,-0.13132640422807892,-0.10940827839068826,-0.1212004889368163,0.008615950669962189,-0.11969563772530768,-0.11984740467479811,-0.12312484453015575,-0.11849555667618303,-0.12396061316379324,-0.12102481135404757,0.0021250501102816105
183,0.2254662036895752,0.01309684074234631,0.05843973159790039,0.005456016964075859,312,100000.0,"{'columntransformer__countvectorizer__max_features': 312, 'ridge__alpha': 100000.0}",-0.1266041408660308,-0.12616552733413203,-0.11249810443504511,-0.1313264087104591,-0.10940827966820849,-0.1212004922027751,0.008615950408079515,-0.11969565321517486,-0.11984741039961203,-0.12312485457929617,-0.11849557462762675,-0.1239606221978641,-0.12102482300391477,0.0021250477473138303
184,0.2727059841156006,0.05943562643942829,0.07275547981262206,0.010619898762919739,296,100000.0,"{'columntransformer__countvectorizer__max_features': 296, 'ridge__alpha': 100000.0}",-0.12660413684780003,-0.12616553419190338,-0.11249810818416049,-0.13132640814940155,-0.10940828906927842,-0.12120049528850878,0.008615947231856722,-0.11969566698388316,-0.11984742521653155,-0.12312486867531568,-0.11849558510866333,-0.12396063328177236,-0.1210248358532332,0.0021250477366316035
185,0.24363746643066406,0.016661869720399028,0.06086254119873047,0.010669758769806683,284,100000.0,"{'columntransformer__countvectorizer__max_features': 284, 'ridge__alpha': 100000.0}",-0.12660413563257425,-0.12616554794921794,-0.11249810816774199,-0.13132640684553784,-0.10940828919317858,-0.12120049755765012,0.008615948327918484,-0.11969567845776095,-0.11984743547787526,-0.12312487949720499,-0.11849559541340791,-0.12396064109735572,-0.12102484598872096,0.0021250470096338646
186,0.23012104034423828,0.010170472160185838,0.05843429565429688,0.006355290670138177,240,100000.0,"{'columntransformer__countvectorizer__max_features': 240, 'ridge__alpha': 100000.0}",-0.12660413577273197,-0.1261655634848307,-0.11249813235547104,-0.13132643104468467,-0.10940830323241327,-0.12120051317802631,0.008615947095004886,-0.11969575653310639,-0.11984749369187356,-0.12312494595126779,-0.11849565348185692,-0.1239607179317717,-0.12102491351797526,0.002125051333242356
187,0.22980704307556152,0.017265481542609738,0.06491279602050781,0.03181931266464466,236,100000.0,"{'columntransformer__countvectorizer__max_features': 236, 'ridge__alpha': 100000.0}",-0.12660413612585525,-0.12616556330705897,-0.1124981524171106,-0.13132643904077404,-0.10940830895614354,-0.12120051996938848,0.008615943378962735,-0.1196957766525415,-0.1198475041910764,-0.12312496619704115,-0.11849566503865444,-0.12396072831522037,-0.12102492807890677,0.0021250517724415684
188,0.23337979316711427,0.018107626993665683,0.05499100685119629,0.008474138340903525,229,100000.0,"{'columntransformer__countvectorizer__max_features': 229, 'ridge__alpha': 100000.0}",-0.1266041315041078,-0.12616557340207113,-0.11249814501171554,-0.13132644252843925,-0.10940830821846778,-0.1212005201329603,0.0086159464803575,-0.11969579667919135,-0.11984751308914589,-0.12312498252190145,-0.1184956771570169,-0.12396074741480134,-0.12102494337241139,0.0021250539003558736
189,0.22720799446105958,0.014482215688686868,0.0660634994506836,0.01644326518657533,232,100000.0,"{'columntransformer__countvectorizer__max_features': 232, 'ridge__alpha': 100000.0}",-0.12660413476944232,-0.1261655736633338,-0.1124981445283702,-0.1313264454575791,-0.10940831693946322,-0.12120052307163773,0.008615945318987092,-0.11969578764698498,-0.11984750755047836,-0.1231249784538737,-0.1184956762629104,-0.12396074198174577,-0.12102493837919863,0.00212505355161821
190,0.26231136322021487,0.018990679064191177,0.06260099411010742,0.013748063674738329,234,100000.0,"{'columntransformer__countvectorizer__max_features': 234, 'ridge__alpha': 100000.0}",-0.12660413436916515,-0.12616557353905677,-0.11249815248418334,-0.1313264466014456,-0.10940831730682164,-0.12120052486013451,0.0086159438156413,-0.11969578045179857,-0.11984750716806958,-0.12312496927553215,-0.11849567315813277,-0.12396073433960535,-0.12102493287862767,0.002125051307519378
191,0.2619865894317627,0.027197767633832873,0.06611204147338867,0.013602675302308107,209,100000.0,"{'columntransformer__countvectorizer__max_features': 209, 'ridge__alpha': 100000.0}",-0.12660416097560928,-0.1261655900774283,-0.11249814703042546,-0.13132655564923196,-0.10940835732060156,-0.12120056221065931,0.008615964839606118,-0.11969583891602209,-0.11984757848088173,-0.12312502969377512,-0.11849572724831565,-0.12396081581966391,-0.1210249980317317,0.002125057670509848
192,0.23652873039245606,0.010301359492243322,0.04981937408447266,0.006494691356758321,201,100000.0,"{'columntransformer__countvectorizer__max_features': 201, 'ridge__alpha': 100000.0}",-0.12660416309522435,-0.12616560217988235,-0.11249815868571407,-0.13132654073458258,-0.10940840319362845,-0.12120057357780636,0.008615948083361287,-0.11969587847479032,-0.11984759365242505,-0.12312504434205629,-0.11849574559005971,-0.12396083663764804,-0.12102501973939588,0.0021250553219104126
193,0.2554469585418701,0.015331485813605035,0.06346611976623535,0.008051172184186382,195,100000.0,"{'columntransformer__countvectorizer__max_features': 195, 'ridge__alpha': 100000.0}",-0.1266041724393857,-0.1261656047360842,-0.11249816992053716,-0.13132656618911404,-0.1094084127648298,-0.12120058520999018,0.008615950643733578,-0.1196959028434619,-0.11984760965014615,-0.12312504802028948,-0.11849578283517538,-0.12396086040293518,-0.12102504075040162,0.0021250489283323143
194,0.2427800178527832,0.01502543573455459,0.05581564903259277,0.0013916185859922,176,100000.0,"{'columntransformer__countvectorizer__max_features': 176, 'ridge__alpha': 100000.0}",-0.12660429934772965,-0.12616566062045195,-0.11249820818938147,-0.1313266179043146,-0.10940849430729419,-0.12120065607383439,0.008615955107608911,-0.11969598375552098,-0.11984770314509081,-0.12312517154417765,-0.11849583318048558,-0.12396093741409016,-0.12102512580787303,0.0021250621543329362
194,0.23026914596557618,0.011754429322560336,0.05518975257873535,0.007204141600213616,176,100000.0,"{'columntransformer__countvectorizer__max_features': 176, 'ridge__alpha': 100000.0}",-0.12660429934772965,-0.12616566062045195,-0.11249820818938147,-0.1313266179043146,-0.10940849430729419,-0.12120065607383439,0.008615955107608911,-0.11969598375552098,-0.11984770314509081,-0.12312517154417765,-0.11849583318048558,-0.12396093741409016,-0.12102512580787303,0.0021250621543329362
196,0.24995799064636232,0.02318879798217875,0.05713157653808594,0.009469942141774377,156,100000.0,"{'columntransformer__countvectorizer__max_features': 156, 'ridge__alpha': 100000.0}",-0.126604345266536,-0.12616575436830962,-0.11249824324575965,-0.13132669342661754,-0.10940855526239071,-0.12120071831392269,0.008615965656770018,-0.11969618804448381,-0.11984783062077667,-0.12312538084099922,-0.11849595487856536,-0.12396113023867271,-0.12102529692469954,0.0021250881488361663
197,0.24429140090942383,0.012223222493046648,0.0608466625213623,0.004697604320520282,153,100000.0,"{'columntransformer__countvectorizer__max_features': 153, 'ridge__alpha': 100000.0}",-0.12660433402448457,-0.1261657403467293,-0.1124982434138674,-0.13132683042748258,-0.10940854467336388,-0.12120073857718557,0.008615997697576297,-0.11969621782498012,-0.11984783674412519,-0.12312540915937571,-0.11849604176908696,-0.12396116270829619,-0.12102533364117282,0.00212507762978822
198,0.22067008018493653,0.0191028186086235,0.056462335586547854,0.007294602462489701,145,100000.0,"{'columntransformer__countvectorizer__max_features': 145, 'ridge__alpha': 100000.0}",-0.1266043760542166,-0.12616578380004329,-0.11249839699875022,-0.1313268938740075,-0.1094086852109731,-0.12120082718759814,0.008615953396388118,-0.11969633290151242,-0.119847979219647,-0.12312551210985895,-0.11849611161530307,-0.12396125984581097,-0.12102543913842648,0.0021250780070300643
199,0.2261174201965332,0.020787670454725248,0.058259773254394534,0.008248281163662474,139,100000.0,"{'columntransformer__countvectorizer__max_features': 139, 'ridge__alpha': 100000.0}",-0.1266044954652316,-0.12616585691308133,-0.11249843272506653,-0.13132696981183412,-0.1094087584141289,-0.1212009026658685,0.008615967395333463,-0.1196964757674019,-0.1198480573613125,-0.1231256056851115,-0.1184962155046259,-0.12396130764935448,-0.12102553239356126,0.002125058449745387
199,0.23334436416625975,0.014503343902341924,0.05696725845336914,0.0030584480296006375,139,100000.0,"{'columntransformer__countvectorizer__max_features': 139, 'ridge__alpha': 100000.0}",-0.1266044954652316,-0.12616585691308133,-0.11249843272506653,-0.13132696981183412,-0.1094087584141289,-0.1212009026658685,0.008615967395333463,-0.1196964757674019,-0.1198480573613125,-0.1231256056851115,-0.1184962155046259,-0.12396130764935448,-0.12102553239356126,0.002125058449745387
