rank_test_score,mean_fit_time,std_fit_time,mean_score_time,std_score_time,param_columntransformer__countvectorizer__max_features,param_decisiontreeregressor__max_depth,params,split0_test_score,split1_test_score,split2_test_score,split3_test_score,split4_test_score,mean_test_score,std_test_score,split0_train_score,split1_train_score,split2_train_score,split3_train_score,split4_train_score,mean_train_score,std_train_score
1,1.5546889781951905,0.11353308122085985,0.41407155990600586,0.0635272546919336,419,9,"{'columntransformer__countvectorizer__max_features': 419, 'decisiontreeregressor__max_depth': 9}",-0.11091008032305359,-0.11401412090639826,-0.1030137416874578,-0.11336887395840228,-0.10486284221840372,-0.10923393181874312,0.004484520433315095,-0.08443337446568097,-0.08680457082494726,-0.088804288233151,-0.08452184412719534,-0.08803844879077428,-0.08652050528834977,0.0017861283130078587
2,0.9999372482299804,0.036010478870201465,0.2922370433807373,0.014388657658055654,156,10,"{'columntransformer__countvectorizer__max_features': 156, 'decisiontreeregressor__max_depth': 10}",-0.11255520501999533,-0.11265210589992154,-0.10248945443226691,-0.11543516017720502,-0.10327215654894847,-0.10928081641566745,0.005332724475115293,-0.08174225744049911,-0.08285661093761225,-0.08472468036159807,-0.08170892798408716,-0.08323377914996592,-0.08285325117475249,0.0011127302163191906
3,1.607370090484619,0.23657498224214663,0.33741030693054197,0.07969179384480111,165,13,"{'columntransformer__countvectorizer__max_features': 165, 'decisiontreeregressor__max_depth': 13}",-0.11164144763358279,-0.11256656614526213,-0.10267915993506835,-0.11411839472878221,-0.10723773217598452,-0.109648660123736,0.004167743070259851,-0.07018701740310734,-0.07199777708791227,-0.07334578731762685,-0.07200685439111039,-0.07202688638396805,-0.07191286451674497,0.0010060677154515006
4,1.3189681053161622,0.13228936035273609,0.33620715141296387,0.05249545688360812,304,11,"{'columntransformer__countvectorizer__max_features': 304, 'decisiontreeregressor__max_depth': 11}",-0.11178125419351528,-0.11585069354254919,-0.10351403637035202,-0.11445317490003139,-0.10266144016294021,-0.10965211983387761,0.005523609865990336,-0.07686679164893571,-0.07969799707505631,-0.0822401705445927,-0.07869370292554224,-0.0788597188361776,-0.07927167620606092,0.0017481956321836669
5,1.1225602149963378,0.09593287434640482,0.27321763038635255,0.0501586369966739,216,9,"{'columntransformer__countvectorizer__max_features': 216, 'decisiontreeregressor__max_depth': 9}",-0.1107838567813371,-0.11457475236897811,-0.10352861742150363,-0.11520580821059077,-0.1046119589110616,-0.10974099873869425,0.004882982711481545,-0.08442191085138746,-0.08642790093042403,-0.08880428823315098,-0.08491933732638227,-0.0873955374676465,-0.08639379496179825,0.0016048352775212074
6,1.3944643020629883,0.12921551977588702,0.33590450286865237,0.03962857879855148,256,13,"{'columntransformer__countvectorizer__max_features': 256, 'decisiontreeregressor__max_depth': 13}",-0.1127763993510153,-0.1111856115833969,-0.10708396719404133,-0.11657582325612598,-0.10177171832881969,-0.10987870394267985,0.005069315981410358,-0.07102811221966052,-0.07266960153537322,-0.07417632087036978,-0.0724882245945951,-0.07206516670657552,-0.07248548518531482,0.0010191599710709842
7,1.6001930713653565,0.28162383778072864,0.4502114772796631,0.11744785986454785,201,9,"{'columntransformer__countvectorizer__max_features': 201, 'decisiontreeregressor__max_depth': 9}",-0.10981866848845928,-0.11374968289984086,-0.10272269563369989,-0.11940442738802348,-0.10423289666759258,-0.10998567421552322,0.00614416586704776,-0.08436109791981182,-0.08642790093042403,-0.08880428823315098,-0.08491933732638227,-0.08751400971914627,-0.08640532682578306,0.0016353433764573746
8,1.4274936199188233,0.15999668859128913,0.3889302730560303,0.07446702992587045,326,12,"{'columntransformer__countvectorizer__max_features': 326, 'decisiontreeregressor__max_depth': 12}",-0.11565328897059174,-0.11295200896032942,-0.10774084440188826,-0.11028676412592334,-0.103517912479833,-0.11003016378771316,0.004192206104569153,-0.07363767298266718,-0.07589455567415308,-0.07930426224750363,-0.07506309467680186,-0.07541690745755845,-0.07586329860773684,0.0018779887426396424
9,1.6257538795471191,0.12111556730848264,0.4255861282348633,0.08028008537929436,207,10,"{'columntransformer__countvectorizer__max_features': 207, 'decisiontreeregressor__max_depth': 10}",-0.1131925236268421,-0.11528684371203514,-0.10305318113792619,-0.11566139345428575,-0.10364236032064292,-0.11016726045034642,0.005634399589865981,-0.08166922892724832,-0.08292648680929429,-0.08477944199936958,-0.08170892798408716,-0.0831290378425808,-0.08284262471251604,0.0011403905011827015
10,1.2644680976867675,0.11292441061531486,0.37629075050354005,0.07722719451312578,176,9,"{'columntransformer__countvectorizer__max_features': 176, 'decisiontreeregressor__max_depth': 9}",-0.11067182092986463,-0.11408783651728703,-0.1031106326612176,-0.11587056247703992,-0.10780693239516771,-0.11030955699611537,0.0045479457940816575,-0.08442191085138746,-0.08642790093042403,-0.08878895177056034,-0.08490511507938221,-0.08751400971914627,-0.08641157767018007,0.001618377834243253
11,1.5980867385864257,0.1370667046581424,0.4076250076293945,0.053309070502992696,240,13,"{'columntransformer__countvectorizer__max_features': 240, 'decisiontreeregressor__max_depth': 13}",-0.11607715908846362,-0.11430201672633117,-0.10391491716058453,-0.1123392183839279,-0.10548925964364547,-0.11042451420059055,0.004845309140608354,-0.07078200993409614,-0.07266960153537322,-0.07417632087036978,-0.07251440890977025,-0.07228538585519016,-0.0724855454209599,0.0010803266525768668
12,1.2768012046813966,0.14983572059497072,0.2740791797637939,0.05459557785563522,341,13,"{'columntransformer__countvectorizer__max_features': 341, 'decisiontreeregressor__max_depth': 13}",-0.11550477817094341,-0.11453706845558449,-0.10342268392823828,-0.1123106335036481,-0.10646071548001358,-0.11044717590768557,0.004711993001466248,-0.07104053636697168,-0.07252182338602949,-0.0740874803086993,-0.07233885197798788,-0.07210561039349686,-0.07241886048663704,0.0009797140225994807
13,2.019997262954712,0.2678974506976278,0.4271212577819824,0.0416496525781297,236,9,"{'columntransformer__countvectorizer__max_features': 236, 'decisiontreeregressor__max_depth': 9}",-0.11264715455638195,-0.11326932521609334,-0.10324613154579738,-0.11850013394135714,-0.10462364684647836,-0.11045727842122163,0.005717037452919994,-0.0844596359950448,-0.08639585882004741,-0.08880428823315098,-0.0848996864924434,-0.0873955374676465,-0.08639100140166663,0.0015992036846975072
14,1.323508358001709,0.09884906891394256,0.32418022155761717,0.050532963736247695,177,12,"{'columntransformer__countvectorizer__max_features': 177, 'decisiontreeregressor__max_depth': 12}",-0.11243230498508164,-0.1123071448267647,-0.10563937319665341,-0.11538702436401287,-0.10655576757521389,-0.1104643229895453,0.00374323069584282,-0.07340552280965562,-0.07578814997124383,-0.07833394081583617,-0.07501670754791792,-0.07552970024580996,-0.07561480427809271,0.0015918316017695855
15,1.7870904445648192,0.34621703699895423,0.5053451538085938,0.10244730955525636,234,12,"{'columntransformer__countvectorizer__max_features': 234, 'decisiontreeregressor__max_depth': 12}",-0.11461686061021971,-0.11356450961900565,-0.10717843364879955,-0.11417767077106726,-0.1034135262617769,-0.1105902001821738,0.004496115111803768,-0.07363767298266718,-0.07585008836817524,-0.07919123147551026,-0.07506309467680186,-0.07541690745755847,-0.07583179899214261,0.0018364831263548817
16,1.6680427551269532,0.1442684864194766,0.35192108154296875,0.077838445832644,283,13,"{'columntransformer__countvectorizer__max_features': 283, 'decisiontreeregressor__max_depth': 13}",-0.11375732079088234,-0.11387065409894791,-0.10986231565035588,-0.1110702530259795,-0.1044691453986226,-0.11060593779295765,0.003435647559804693,-0.07089559799246364,-0.0727303578417188,-0.07425186870526837,-0.07233885197798788,-0.07224494216826882,-0.07249232373714151,0.0010758199714631788
17,1.3819674968719482,0.1842871266190094,0.3216219425201416,0.025495211503033265,382,13,"{'columntransformer__countvectorizer__max_features': 382, 'decisiontreeregressor__max_depth': 13}",-0.11394829830580351,-0.1149836557665786,-0.10254609196559433,-0.11677649485510266,-0.1048494850118993,-0.11062080518099568,0.005770759414442225,-0.0708831738451525,-0.07258257969237505,-0.07413474088452329,-0.07251440890977025,-0.07240726364425475,-0.07250443339521517,0.001029760491912146
18,1.1768150329589844,0.08411199677708217,0.2866919994354248,0.015808803322190326,275,12,"{'columntransformer__countvectorizer__max_features': 275, 'decisiontreeregressor__max_depth': 12}",-0.1154212362033277,-0.11513443294740355,-0.1059146221307507,-0.11148396617058298,-0.10531677496863652,-0.1106542064841403,0.004345971414277231,-0.07363767298266718,-0.07588768407443715,-0.07925314321702681,-0.07506309467680188,-0.07542110814983255,-0.07585254062015312,0.0018590497900672956
19,1.2466176986694335,0.1106144068989696,0.2973564624786377,0.06597583836406092,379,8,"{'columntransformer__countvectorizer__max_features': 379, 'decisiontreeregressor__max_depth': 8}",-0.10982917029758808,-0.11375161882942897,-0.10490968027463926,-0.11889558161828227,-0.10602559846459267,-0.11068232989690625,0.005150039824818016,-0.08809083942890299,-0.09085919492140919,-0.09229431631510876,-0.0888269783825274,-0.09120443799460042,-0.09025515340850976,0.0015587258669506607
20,1.4391322135925293,0.0755146118022555,0.3936153411865234,0.07531920414567501,321,12,"{'columntransformer__countvectorizer__max_features': 321, 'decisiontreeregressor__max_depth': 12}",-0.11543916819309069,-0.11214044796189315,-0.10617293517154963,-0.11371089649073364,-0.10597420318686063,-0.11068753020082553,0.003909649528329877,-0.07362982615278646,-0.07585008836817524,-0.07908543131237065,-0.07512386469170032,-0.07535131203204773,-0.07580810451141609,0.0017980196724313008
21,1.211417055130005,0.12497819257806346,0.2974606990814209,0.06332344518696559,176,9,"{'columntransformer__countvectorizer__max_features': 176, 'decisiontreeregressor__max_depth': 9}",-0.11042884469722702,-0.1162158967809405,-0.10427335291200183,-0.11807719294638228,-0.10480269723739315,-0.11075959691478895,0.005674219452411548,-0.08439882306346916,-0.0864312614842433,-0.08880428823315098,-0.08490511507938221,-0.08751400971914627,-0.08641069951587839,0.001628583095934068
22,1.5175246715545654,0.18554018342524858,0.4253572463989258,0.09240763089323202,363,15,"{'columntransformer__countvectorizer__max_features': 363, 'decisiontreeregressor__max_depth': 15}",-0.11350849030057181,-0.11153974305536539,-0.10327168344246113,-0.11689715875411451,-0.1087529640626083,-0.11079400792302423,0.00460269945061988,-0.06292499959956391,-0.06540595170318313,-0.06479300366844373,-0.06536103934845094,-0.06699994454170884,-0.0650969877722701,0.0013112105376022747
23,1.3702096462249755,0.29890919235176205,0.36885385513305663,0.07711536931117675,296,9,"{'columntransformer__countvectorizer__max_features': 296, 'decisiontreeregressor__max_depth': 9}",-0.11046420839456256,-0.11494471034026253,-0.10525532762279008,-0.11654744444629479,-0.10688308702964734,-0.11081895556671147,0.004391088700779594,-0.08436109791981182,-0.0864312614842433,-0.088804288233151,-0.0848996864924434,-0.08739763781378355,-0.08637879438868662,0.0016237410088898337
24,1.147623109817505,0.07906672781259527,0.2973613739013672,0.047477031759561215,425,12,"{'columntransformer__countvectorizer__max_features': 425, 'decisiontreeregressor__max_depth': 12}",-0.11466737347763398,-0.11388162051847206,-0.10709994810421228,-0.11213113041338889,-0.10652157678878578,-0.11086032986049861,0.003411801915652889,-0.07371081664691255,-0.07597625734371644,-0.07908543131237065,-0.07505949408342408,-0.07568579661376955,-0.07590355920003865,0.0017718680271783492
25,1.216927433013916,0.2562313028981357,0.3232905864715576,0.12389334321328083,207,7,"{'columntransformer__countvectorizer__max_features': 207, 'decisiontreeregressor__max_depth': 7}",-0.1078009628629371,-0.11381936270811281,-0.10727934812415542,-0.12020427526449046,-0.10523918047708475,-0.1108686258873561,0.005474400862161596,-0.09295198264564364,-0.09455486650090092,-0.09625552597187241,-0.09300885659944227,-0.09459342586854837,-0.09427293151728151,0.0012211204735773345
26,1.71146502494812,0.18578437277495594,0.3811787128448486,0.08117705966557337,250,7,"{'columntransformer__countvectorizer__max_features': 250, 'decisiontreeregressor__max_depth': 7}",-0.10837314596152864,-0.1142644919668014,-0.10723369384121301,-0.11921456913643434,-0.10528626145636912,-0.11087443247246931,0.005133993577028374,-0.09295198264564364,-0.09448429487069629,-0.09625552597187241,-0.09300885659944227,-0.09462283071446698,-0.0942646981604243,0.001219855488596769
27,1.238602876663208,0.1468900086174605,0.3074666500091553,0.0622712980666792,330,8,"{'columntransformer__countvectorizer__max_features': 330, 'decisiontreeregressor__max_depth': 8}",-0.1092426541979935,-0.11319520725606824,-0.10502570125930431,-0.12048757092213598,-0.10657415457646129,-0.11090505764239267,0.0055345547981257015,-0.08787481457951361,-0.09085919492140919,-0.09229431631510876,-0.0888269783825274,-0.09099559882092075,-0.09017018060389594,0.0015963023445301555
28,1.1160741806030274,0.052356490903059695,0.2564720630645752,0.017299096388366134,295,7,"{'columntransformer__countvectorizer__max_features': 295, 'decisiontreeregressor__max_depth': 7}",-0.10837314596152864,-0.11313454846397651,-0.10666872208980056,-0.12112021431602274,-0.10524448904171535,-0.11090822397460876,0.005757067962406951,-0.09295198264564364,-0.09455486650090092,-0.09625552597187241,-0.09300885659944227,-0.09462283071446698,-0.09427881248646523,0.001222719587227835
29,1.2159380435943603,0.09056803238475682,0.28904166221618655,0.05647074630983778,376,8,"{'columntransformer__countvectorizer__max_features': 376, 'decisiontreeregressor__max_depth': 8}",-0.10813902945251765,-0.11428169139339985,-0.10490968027463926,-0.12097978116010893,-0.10631824367249211,-0.11092568519063158,0.005958756683932686,-0.08809083942890299,-0.09086281397936842,-0.09229431631510876,-0.0888269783825274,-0.09120443799460042,-0.0902558772201016,0.0015590070071721796
30,1.2367343425750732,0.2335752638529164,0.31034297943115235,0.023560314074945597,417,7,"{'columntransformer__countvectorizer__max_features': 417, 'decisiontreeregressor__max_depth': 7}",-0.1100042558532019,-0.11494930621093764,-0.10666872208980056,-0.11780146938251367,-0.10564301961766585,-0.11101335463082392,0.00469691020003952,-0.09310686295346356,-0.09455486650090095,-0.09625552597187241,-0.09300885659944227,-0.09473172726046353,-0.09433156785722854,0.001196751589257172
31,1.3994229316711426,0.2871378417242314,0.5756349563598633,0.23970743632450242,141,7,"{'columntransformer__countvectorizer__max_features': 141, 'decisiontreeregressor__max_depth': 7}",-0.10808265300378214,-0.11494930621093764,-0.10608734333045569,-0.1201733090782251,-0.10578435093750944,-0.11101539251218202,0.005649664388925406,-0.09295198264564364,-0.09455486650090092,-0.09625552597187241,-0.09300885659944227,-0.09462283071446698,-0.09427881248646523,0.001222719587227835
32,0.9573381900787353,0.1474312357377276,0.3092545986175537,0.071498930971218,384,12,"{'columntransformer__countvectorizer__max_features': 384, 'decisiontreeregressor__max_depth': 12}",-0.11352566698381482,-0.11544094344078931,-0.10730850101112614,-0.11205969928868899,-0.10682081157001207,-0.11103112445888627,0.003415021873967038,-0.07370296981703182,-0.07593215138041498,-0.07935710095532267,-0.07512386469170033,-0.07586418482753181,-0.07599605433440033,0.0018620987578005395
33,1.279439353942871,0.11980774185313846,0.35805487632751465,0.03713070067257672,332,8,"{'columntransformer__countvectorizer__max_features': 332, 'decisiontreeregressor__max_depth': 8}",-0.10847410056852437,-0.11483810296676057,-0.10488698051677002,-0.12043641366758889,-0.10662123555574565,-0.11105136665507791,0.005773846167358282,-0.08786067008251087,-0.09086281397936842,-0.09229431631510876,-0.0888269783825274,-0.09099559882092075,-0.09016807551608724,0.0016006884546574756
34,1.3752071380615234,0.060782720221300136,0.31084427833557127,0.039706001205661506,220,7,"{'columntransformer__countvectorizer__max_features': 220, 'decisiontreeregressor__max_depth': 7}",-0.1078009628629371,-0.11355827727753585,-0.10937587839865179,-0.11932518107571687,-0.10528687289765855,-0.11106943450250004,0.004926271362589058,-0.09295198264564364,-0.09448429487069629,-0.09625552597187241,-0.09300885659944227,-0.0945934258685484,-0.0942588171912406,0.0012181844783224751
35,0.969873046875,0.076440535779851,0.2389711856842041,0.04266541491490104,400,13,"{'columntransformer__countvectorizer__max_features': 400, 'decisiontreeregressor__max_depth': 13}",-0.11371619638236162,-0.11319608500332616,-0.10814066231332643,-0.11498234846349867,-0.10552427579968442,-0.11111191359243947,0.0036374814275157083,-0.07102811221966053,-0.07241260538690321,-0.07436533311903523,-0.07242205368962996,-0.07241676824091531,-0.07252897453122885,0.0010641771127967066
36,1.3246233463287354,0.15056757720228692,0.3378162384033203,0.041231073113056856,249,8,"{'columntransformer__countvectorizer__max_features': 249, 'decisiontreeregressor__max_depth': 8}",-0.10732680009904079,-0.11469629549250684,-0.1054910845107045,-0.1203607987614655,-0.10776829941467395,-0.11112865565567831,0.005576537070363539,-0.08786067008251087,-0.09082421665076468,-0.09229431631510876,-0.0888269783825274,-0.09099559882092075,-0.09016035605036649,0.0015974091116471771
37,1.2305522441864014,0.17352912045836005,0.3274516582489014,0.04304326608792564,336,9,"{'columntransformer__countvectorizer__max_features': 336, 'decisiontreeregressor__max_depth': 9}",-0.11124678587102675,-0.11592304061192814,-0.10215772388228744,-0.12008496154313393,-0.10634518008595777,-0.1111515383988668,0.006427629956919317,-0.08439882306346916,-0.08677252871457063,-0.088804288233151,-0.08491933732638227,-0.08739763781378355,-0.08645852303027132,0.001618308197947838
38,1.8136096954345704,0.08440789746633616,0.41887731552124025,0.0740148413122956,225,7,"{'columntransformer__countvectorizer__max_features': 225, 'decisiontreeregressor__max_depth': 7}",-0.10978159666575399,-0.11381936270811281,-0.10694264778745509,-0.11998498516108763,-0.10523592886366367,-0.11115290423721465,0.00528645430553148,-0.09295198264564364,-0.09455486650090092,-0.09625552597187241,-0.09300885659944227,-0.0945934258685484,-0.09427293151728153,0.0012211204735773358
39,1.3148103713989259,0.16879089861263338,0.34421486854553224,0.031751070049894144,338,9,"{'columntransformer__countvectorizer__max_features': 338, 'decisiontreeregressor__max_depth': 9}",-0.11074589853540763,-0.11608897637108424,-0.10517090655648709,-0.11848646117344709,-0.10532695788129487,-0.11116384010354419,0.005441265814448938,-0.08442191085138746,-0.08680457082494726,-0.08880428823315098,-0.08491390873944345,-0.0873955374676465,-0.08646804322331512,0.0016145295799904345
40,1.411264991760254,0.20230587709560466,0.36612615585327146,0.06559303614993116,379,7,"{'columntransformer__countvectorizer__max_features': 379, 'decisiontreeregressor__max_depth': 7}",-0.1088064362936329,-0.1142644919668014,-0.10722513366316129,-0.12130704278036804,-0.10429944793511112,-0.11118051052781494,0.006011453301716039,-0.09310686295346356,-0.09448429487069629,-0.09625552597187241,-0.09300885659944227,-0.09473172726046353,-0.09431745353118762,0.001194448744595324
41,1.4369420051574706,0.14513847016551162,0.30446634292602537,0.07661873135661794,315,7,"{'columntransformer__countvectorizer__max_features': 315, 'decisiontreeregressor__max_depth': 7}",-0.11024691357289289,-0.11424309152167211,-0.10666872208980056,-0.1191539775146828,-0.10573726995822508,-0.1112099949314547,0.004976101638157843,-0.09277497657956373,-0.09448429487069629,-0.09625552597187241,-0.09300885659944227,-0.09459342586854837,-0.09422341597802461,0.0012575823883896554
42,1.1325538158416748,0.04742868640960092,0.2743398189544678,0.03299046227577173,331,11,"{'columntransformer__countvectorizer__max_features': 331, 'decisiontreeregressor__max_depth': 11}",-0.1152212883377748,-0.11488623113740881,-0.10480741292186223,-0.11598545008404873,-0.1052464805049225,-0.1112293725972034,0.005078677831549416,-0.0768733764012832,-0.07989671714770978,-0.08211827701120979,-0.07863786798967909,-0.07882523203387146,-0.07927029411675066,0.0017231755557336052
43,1.0986841678619386,0.09250617112623266,0.26831393241882323,0.027208572399552856,181,12,"{'columntransformer__countvectorizer__max_features': 181, 'decisiontreeregressor__max_depth': 12}",-0.11488204616721719,-0.11291548428777692,-0.10803201951187473,-0.11312267831091115,-0.10726225884452756,-0.11124289742446151,0.0030242270761929612,-0.07340733361655119,-0.07588768407443715,-0.07838798433759318,-0.07501670754791792,-0.07552970024580996,-0.0756458819644619,0.001612330675093471
44,1.6684715747833252,0.11476128376753798,0.40334582328796387,0.08770502258320204,276,13,"{'columntransformer__countvectorizer__max_features': 276, 'decisiontreeregressor__max_depth': 13}",-0.1123192384947827,-0.11554286627226547,-0.10615593101176787,-0.11790574730850767,-0.10439721610013003,-0.11126419983749077,0.0052302986890472745,-0.07079443408140729,-0.07266960153537323,-0.07425186870526837,-0.0724882245945951,-0.0720961057968363,-0.07246004694269606,0.0011101397837701944
45,1.2076597213745117,0.18460984162528302,0.26866350173950193,0.08260710915463762,286,14,"{'columntransformer__countvectorizer__max_features': 286, 'decisiontreeregressor__max_depth': 14}",-0.11457328343291755,-0.11495191375089509,-0.10830452538060616,-0.11127094008011287,-0.10725016380174424,-0.11127016528925518,0.003143924103201036,-0.06699205545990838,-0.06934784474516935,-0.06897637634809188,-0.0685892952735922,-0.06949647905404359,-0.06868041017616108,0.0009008747821585307
46,1.1609646797180175,0.05926973423969031,0.2553112983703613,0.015485103093938824,102,10,"{'columntransformer__countvectorizer__max_features': 102, 'decisiontreeregressor__max_depth': 10}",-0.11154713508227855,-0.11508684339869879,-0.10699809228289123,-0.1185068372295542,-0.10445434455401366,-0.11131865050948728,0.0051323957527184445,-0.08070168359469614,-0.08183578105205676,-0.0837329447479841,-0.08180537949787908,-0.08222178603056474,-0.08205951498463616,0.0009782685589273161
47,2.0461496829986574,0.37251581415502977,0.36106443405151367,0.09536972453853822,401,19,"{'columntransformer__countvectorizer__max_features': 401, 'decisiontreeregressor__max_depth': 19}",-0.11187838680175008,-0.11095609372062466,-0.10637624663102725,-0.1156615260149166,-0.11178113933154875,-0.11133067849997347,0.0029646533842342267,-0.048359712790401764,-0.0533060568139988,-0.05116665915823898,-0.05079955236744014,-0.0548869812218179,-0.05170379247037952,0.0022355747770509745
48,1.4429508209228517,0.26182133182044254,0.37782793045043944,0.1457328918436675,433,12,"{'columntransformer__countvectorizer__max_features': 433, 'decisiontreeregressor__max_depth': 12}",-0.1139152773734252,-0.11412699269181033,-0.10662984485426176,-0.11781550186652547,-0.10438129046003222,-0.11137378144921099,0.005038551384369594,-0.07371081664691254,-0.07601385304997833,-0.07919889364732709,-0.07507378734804501,-0.07574744985114615,-0.07594896010868182,0.0018100883403720824
49,1.192442035675049,0.1560517566029574,0.2662335395812988,0.044700950043308894,157,7,"{'columntransformer__countvectorizer__max_features': 157, 'decisiontreeregressor__max_depth': 7}",-0.10920941356716245,-0.11381936270811281,-0.10881946682529105,-0.11998498516108763,-0.10527074025440725,-0.11142079370321226,0.005071070294395149,-0.09295198264564364,-0.09455486650090092,-0.09625552597187241,-0.09300885659944227,-0.09462283071446698,-0.09427881248646523,0.001222719587227835
50,1.3153916835784911,0.09062687390990737,0.36589388847351073,0.09276020737012218,212,5,"{'columntransformer__countvectorizer__max_features': 212, 'decisiontreeregressor__max_depth': 5}",-0.11001594524013161,-0.1148956890183596,-0.10410214307799376,-0.12265226993371633,-0.10549815367187965,-0.11143284018841619,0.006765118495600161,-0.10087911930720833,-0.10108178916678483,-0.10257969795273425,-0.10079751982225856,-0.10618704280429396,-0.10230503381065599,0.002046831320492506
51,1.1995522022247314,0.06356820174002793,0.28119516372680664,0.03468456062750609,283,12,"{'columntransformer__countvectorizer__max_features': 283, 'decisiontreeregressor__max_depth': 12}",-0.11289060564452814,-0.11384767670302019,-0.10766636379774662,-0.11657329774296542,-0.10621572249617653,-0.11143873327688739,0.0038932070882785838,-0.07363767298266718,-0.07585008836817524,-0.07919123147551026,-0.07511966399942624,-0.07541690745755847,-0.07584311285666748,0.0018318810699773185
52,1.6184824466705323,0.1799705434271712,0.3894957065582275,0.07356398860469318,250,13,"{'columntransformer__countvectorizer__max_features': 250, 'decisiontreeregressor__max_depth': 13}",-0.11597526751467217,-0.11424742599377433,-0.10777686186998685,-0.1156165750208487,-0.10361239177966265,-0.11144570443578894,0.004910884640319878,-0.07102811221966053,-0.07266960153537323,-0.07397345166829451,-0.07220469600951142,-0.07206516670657552,-0.07238820562788303,0.0009570864819019468
53,1.368708848953247,0.13701953671065853,0.31391067504882814,0.042917780068835155,211,6,"{'columntransformer__countvectorizer__max_features': 211, 'decisiontreeregressor__max_depth': 6}",-0.11026654318806313,-0.11524670399698272,-0.10643223653764906,-0.11972334725661726,-0.1057073376175847,-0.11147523371937937,0.005336979366543288,-0.09747548237077133,-0.09815078639576195,-0.09986508545473043,-0.09627414641539223,-0.10033186130707543,-0.09841947238874628,0.0015041782713695908
54,1.2045642852783203,0.05419890954570223,0.2786415576934814,0.027420521669974055,150,7,"{'columntransformer__countvectorizer__max_features': 150, 'decisiontreeregressor__max_depth': 7}",-0.11099808728181307,-0.11494930621093764,-0.10747765891568654,-0.11871455504136202,-0.10530498096661407,-0.11148891768328269,0.004873526622317431,-0.09277497657956373,-0.09455486650090092,-0.09625552597187241,-0.09300885659944227,-0.0945934258685484,-0.09423753030406555,0.0012608229772188163
55,1.1604711532592773,0.05767297719980471,0.23514151573181152,0.027298801713346397,159,6,"{'columntransformer__countvectorizer__max_features': 159, 'decisiontreeregressor__max_depth': 6}",-0.10998485304721806,-0.11468173224557028,-0.10706782975798805,-0.12021644917980394,-0.10550556199208028,-0.11149128524453214,0.005366052870132485,-0.09747548237077133,-0.09815078639576195,-0.09986508545473043,-0.09627414641539223,-0.10033186130707543,-0.09841947238874628,0.0015041782713695908
56,1.7160080432891847,0.24756886036923786,0.41953225135803224,0.10957824947109818,360,14,"{'columntransformer__countvectorizer__max_features': 360, 'decisiontreeregressor__max_depth': 14}",-0.11576866082547806,-0.11541254319952539,-0.10449346106239142,-0.11301308296012263,-0.10883929334687481,-0.11150540827887845,0.004289281550706237,-0.0671621125685248,-0.06903511022399016,-0.06874506014797871,-0.06880062642025563,-0.07009315408961317,-0.0687672126900725,0.000938918877898769
57,1.9254560947418213,0.2982516499498362,0.41446681022644044,0.08191877288878477,202,16,"{'columntransformer__countvectorizer__max_features': 202, 'decisiontreeregressor__max_depth': 16}",-0.11523984015337996,-0.1087288209163364,-0.10617671603468011,-0.11793869436008099,-0.1095577666871628,-0.11152836763032806,0.004364131568909918,-0.058552612979650365,-0.062444308394919636,-0.06083597976745846,-0.0615866587591171,-0.06273545082032153,-0.061231002144293424,0.0014961136788196865
58,1.4567894458770752,0.11956825216242438,0.3575446128845215,0.07835875712270599,266,6,"{'columntransformer__countvectorizer__max_features': 266, 'decisiontreeregressor__max_depth': 6}",-0.1104430778400713,-0.11524670399698272,-0.10460454124885978,-0.12283520126889501,-0.10486354863820252,-0.11159861459860228,0.006858321616407417,-0.09747548237077133,-0.09815078639576195,-0.0998576828361775,-0.09627414641539223,-0.10033186130707543,-0.09841799186503569,0.0015027576354892365
59,1.1603273391723632,0.18793664033380697,0.2797540187835693,0.04438588724389441,401,8,"{'columntransformer__countvectorizer__max_features': 401, 'decisiontreeregressor__max_depth': 8}",-0.10954748015674301,-0.11425502314639263,-0.10772613171397205,-0.12072745972134682,-0.10573982021271272,-0.11159918299023346,0.005365092093877824,-0.08809083942890299,-0.09085557586345,-0.09229431631510876,-0.0888269783825274,-0.09117503314868182,-0.0902485486277342,0.0015549014124336192
60,1.5432653427124023,0.1596845642470807,0.36822991371154784,0.03343241860240542,322,19,"{'columntransformer__countvectorizer__max_features': 322, 'decisiontreeregressor__max_depth': 19}",-0.11353479732352384,-0.10813366348142685,-0.10698994108619092,-0.11506107151719776,-0.11443599959560068,-0.11163109460078799,0.0033772369805600963,-0.048588023348496004,-0.05378300007952963,-0.049879320478885096,-0.05005671458637514,-0.05314223303494773,-0.05108985830564672,0.0020128199408401626
61,1.3662267684936524,0.08450472932627573,0.31118121147155764,0.026500062943124365,227,11,"{'columntransformer__countvectorizer__max_features': 227, 'decisiontreeregressor__max_depth': 11}",-0.11360789781593356,-0.11514730089000398,-0.10774562474863822,-0.11655245397857009,-0.10522306073574002,-0.11165526763377717,0.004396546100178245,-0.07686679164893571,-0.07957955517820933,-0.08242943180477845,-0.07869370292554224,-0.07883904496758559,-0.07928170530501026,0.0018094418809783254
62,1.5722656726837159,0.21744532169292227,0.3738288879394531,0.09938118766522397,323,15,"{'columntransformer__countvectorizer__max_features': 323, 'decisiontreeregressor__max_depth': 15}",-0.114196651566678,-0.11261825493896202,-0.10273014770832138,-0.12003816196067155,-0.10889892131315661,-0.1116964274975579,0.005742919713721686,-0.0631385050174302,-0.06532397455698578,-0.06487982815893795,-0.06579451753938136,-0.0661935452802684,-0.06506607411060074,0.0010600513073496134
63,1.3049132347106933,0.14562047220058544,0.3223306655883789,0.04355834607761424,252,14,"{'columntransformer__countvectorizer__max_features': 252, 'decisiontreeregressor__max_depth': 14}",-0.11691122170747553,-0.11440515197531975,-0.1043666575457574,-0.11290778696809659,-0.10996749904026593,-0.11171166344738304,0.004306093802995856,-0.06701896628805186,-0.06934784474516935,-0.06882988181889776,-0.0685892952735922,-0.06949647905404359,-0.06865649343595095,0.0008831326917097226
64,1.3805423736572267,0.09783227251855167,0.40470614433288576,0.053640009693062304,385,5,"{'columntransformer__countvectorizer__max_features': 385, 'decisiontreeregressor__max_depth': 5}",-0.1105192451128297,-0.11567038513203876,-0.10508299681308476,-0.12311237950399538,-0.10445855179412618,-0.11176871167121497,0.006979974827586395,-0.10063380822752066,-0.10108178916678483,-0.10257969795273425,-0.10080634127603415,-0.10616260807975825,-0.10225284894056644,0.0020725879981833744
65,1.2693171501159668,0.1683234849311782,0.2914726734161377,0.07103905333531275,182,15,"{'columntransformer__countvectorizer__max_features': 182, 'decisiontreeregressor__max_depth': 15}",-0.11450335754675799,-0.11212341857002309,-0.10335099200284034,-0.11693123050791598,-0.11200309691983605,-0.11178241910947469,0.004586233905477855,-0.06263123250003705,-0.0659706365409963,-0.06387217482168762,-0.06560057561474945,-0.06620449085828911,-0.06485582206715192,0.0013807778468360014
66,1.124926471710205,0.10435153999136076,0.27345809936523435,0.044385469224151146,261,8,"{'columntransformer__countvectorizer__max_features': 261, 'decisiontreeregressor__max_depth': 8}",-0.1085005090192286,-0.11475977720853095,-0.1062952062364364,-0.12212256493001135,-0.10772121843538955,-0.11187985516591936,0.005884039391169742,-0.08786067008251087,-0.0908242166507647,-0.09229431631510876,-0.0888269783825274,-0.09099559882092075,-0.0901603560503665,0.0015974091116471793
67,1.7358809471130372,0.17896206395398648,0.4766500949859619,0.07656400651351188,354,16,"{'columntransformer__countvectorizer__max_features': 354, 'decisiontreeregressor__max_depth': 16}",-0.1116667877688517,-0.11229015017939147,-0.10702213051538431,-0.11964815058931123,-0.10889979366685672,-0.11190540254395909,0.004313586569778151,-0.05853946727393259,-0.06210053272697249,-0.06074566529795312,-0.06159367920015306,-0.06375297010722171,-0.06134646292124659,0.0017123782493835044
68,1.2000464916229248,0.03840680688675406,0.3044918060302734,0.03888734341898837,246,14,"{'columntransformer__countvectorizer__max_features': 246, 'decisiontreeregressor__max_depth': 14}",-0.1156814315801182,-0.11589699817055578,-0.10777903579705467,-0.11520277804878537,-0.10500997030272334,-0.11191404277984747,0.0045964645370776425,-0.06699205545990838,-0.06934784474516936,-0.06885689385520431,-0.0685892952735922,-0.06963635274210207,-0.06868448841519527,0.0009218678859195079
69,1.2128850936889648,0.17931853763513483,0.29482622146606446,0.06826512253123344,423,5,"{'columntransformer__countvectorizer__max_features': 423, 'decisiontreeregressor__max_depth': 5}",-0.11192769581705507,-0.11559578929473108,-0.10508299681308476,-0.12265226993371633,-0.10469395669054801,-0.11199054170982706,0.006747274085419232,-0.10063380822752066,-0.10108178916678483,-0.10257969795273425,-0.10079751982225856,-0.10616260807975825,-0.1022510846498113,0.002073821974350914
70,1.290075922012329,0.16953061859841123,0.38330817222595215,0.0746771619041317,400,5,"{'columntransformer__countvectorizer__max_features': 400, 'decisiontreeregressor__max_depth': 5}",-0.1105192451128297,-0.1148956890183596,-0.106260021295194,-0.12385069486095482,-0.10445855179412618,-0.11199684041629288,0.006940279032907047,-0.10063380822752066,-0.10109061062056039,-0.10257969795273425,-0.10079751982225856,-0.10616260807975825,-0.10225284894056644,0.0020728299683685594
71,0.994004201889038,0.09156562795203144,0.28955659866333006,0.025092289780164503,396,5,"{'columntransformer__countvectorizer__max_features': 396, 'decisiontreeregressor__max_depth': 5}",-0.1105192451128297,-0.11491708946348886,-0.10779015312193599,-0.12216005969574337,-0.10469395669054801,-0.1120161008169092,0.006083233390060798,-0.10063380822752066,-0.10108178916678483,-0.10257969795273425,-0.10078869836848299,-0.10616260807975825,-0.1022493203590562,0.002075061216967494
72,1.6639178276062012,0.25761000826017255,0.36473069190979,0.08275503743790219,104,8,"{'columntransformer__countvectorizer__max_features': 104, 'decisiontreeregressor__max_depth': 8}",-0.11015434079298281,-0.11605529108948198,-0.10961943685062574,-0.11725941569836865,-0.10702052881274832,-0.1120218026488415,0.003949003283170874,-0.08801463322495909,-0.09024032410493149,-0.09178611215676823,-0.08949647916123056,-0.09150055252320541,-0.09020762023421895,0.0013769018734165663
73,1.6918379306793212,0.15370601964319527,0.3958449363708496,0.09529975273184202,102,8,"{'columntransformer__countvectorizer__max_features': 102, 'decisiontreeregressor__max_depth': 8}",-0.1093441738472525,-0.1153147745438807,-0.11016170884416894,-0.11992896836792133,-0.10564064692439186,-0.11207805450552306,0.00499399450529464,-0.08801463322495909,-0.0902403241049315,-0.09178611215676823,-0.08949647916123056,-0.09150055252320541,-0.09020762023421895,0.0013769018734165665
74,1.3175295352935792,0.12816640450245115,0.28964877128601074,0.047836023112455904,288,12,"{'columntransformer__countvectorizer__max_features': 288, 'decisiontreeregressor__max_depth': 12}",-0.11724474524514661,-0.11471508612975166,-0.10722869203239124,-0.11509819563227008,-0.10627660883990185,-0.1121126655758923,0.004470726562597538,-0.07363767298266718,-0.07585008836817524,-0.0791817268788497,-0.07512386469170033,-0.0755994963635948,-0.07587856985699745,0.0018210292808654445
75,1.3642474174499513,0.1671413803041992,0.34084248542785645,0.07416257445479943,165,5,"{'columntransformer__countvectorizer__max_features': 165, 'decisiontreeregressor__max_depth': 5}",-0.11001594524013161,-0.11559578929473108,-0.10694269549481733,-0.12251316704037614,-0.10549815367187965,-0.11211315014838714,0.006247866434445331,-0.10087911930720833,-0.10108178916678483,-0.10257969795273425,-0.10078869836848299,-0.10618704280429396,-0.10230326951990087,0.002048133367586798
76,1.1757874488830566,0.08699823892451904,0.3356811046600342,0.03308525966904561,295,5,"{'columntransformer__countvectorizer__max_features': 295, 'decisiontreeregressor__max_depth': 5}",-0.11248700668686529,-0.11634908496328097,-0.10480051093737856,-0.12216005969574337,-0.1047919389826141,-0.11211772025317646,0.006724552396332135,-0.10087911930720833,-0.10108178916678483,-0.10257969795273425,-0.10078869836848299,-0.10618704280429396,-0.10230326951990087,0.002048133367586798
77,1.4419140815734863,0.0808420883410623,0.3587021827697754,0.05755645062969708,334,15,"{'columntransformer__countvectorizer__max_features': 334, 'decisiontreeregressor__max_depth': 15}",-0.11405656696985296,-0.11293127453290178,-0.10357947134104804,-0.11853435312451192,-0.11162350601482142,-0.11214503439662724,0.004873117820226022,-0.0631385050174302,-0.06544319921220199,-0.06478292200698592,-0.06578848577611601,-0.06621354151906877,-0.06507333070636058,0.0010748225753159783
78,1.2778438091278077,0.21775312063348748,0.29661216735839846,0.04087315839571935,105,9,"{'columntransformer__countvectorizer__max_features': 105, 'decisiontreeregressor__max_depth': 9}",-0.11334611108063658,-0.11598362334485136,-0.10819142268107838,-0.11826742041745039,-0.10508490662530588,-0.11217469682986451,0.0048812500724148625,-0.08462075165089245,-0.08558508231684396,-0.08833700592403683,-0.08522270733297294,-0.08789476279274173,-0.08633206200349758,0.0014952634176915512
79,1.2194201946258545,0.03852986582431681,0.24235186576843262,0.020133714648169525,244,5,"{'columntransformer__countvectorizer__max_features': 244, 'decisiontreeregressor__max_depth': 5}",-0.11248700668686529,-0.1148956890183596,-0.10508299681308476,-0.12385069486095482,-0.1047919389826141,-0.11222166527237572,0.007051475850413552,-0.10087911930720833,-0.10109061062056039,-0.10257969795273425,-0.10079751982225856,-0.10618704280429396,-0.1023067981014111,0.0020457797014839414
80,1.0599433422088622,0.09560167324361862,0.26139092445373535,0.017926008684142545,329,5,"{'columntransformer__countvectorizer__max_features': 329, 'decisiontreeregressor__max_depth': 5}",-0.11107855598263994,-0.11559578929473108,-0.1056479685644972,-0.12335848462298186,-0.10549815367187965,-0.11223579042734595,0.006710264615702049,-0.10087911930720833,-0.10109061062056039,-0.10257969795273425,-0.10079751982225856,-0.10618704280429396,-0.1023067981014111,0.0020457797014839414
81,1.1874621868133546,0.11486816496389357,0.29329514503479004,0.038290927921419006,358,14,"{'columntransformer__countvectorizer__max_features': 358, 'decisiontreeregressor__max_depth': 14}",-0.1164558437520976,-0.11426582425619627,-0.10769324846503898,-0.1153420847558887,-0.10777229772479445,-0.11230585979080318,0.003797679761963469,-0.06701896628805187,-0.06903511022399016,-0.06878918210459183,-0.0685892952735922,-0.07001285531791407,-0.06868908184162803,0.0009676130675038816
82,1.4608521461486816,0.21635131536745622,0.37004952430725097,0.061689478247768534,364,16,"{'columntransformer__countvectorizer__max_features': 364, 'decisiontreeregressor__max_depth': 16}",-0.11321700607837586,-0.11060302275631399,-0.10840328082091369,-0.11933984307761389,-0.10998121381607348,-0.1123088733098582,0.0038429368592284474,-0.05883710053158905,-0.061985051877546694,-0.06096401782935167,-0.06159367920015306,-0.06375297010722171,-0.061426563909172435,0.0015919341437021538
83,1.0953535079956054,0.12459796709581195,0.2661609172821045,0.08017729812105526,256,5,"{'columntransformer__countvectorizer__max_features': 256, 'decisiontreeregressor__max_depth': 5}",-0.11142439594435696,-0.11557438884960179,-0.10682499304660642,-0.12289837505270279,-0.10502734387903594,-0.11234989935446078,0.006429131154736759,-0.10087911930720833,-0.10108178916678483,-0.10257969795273425,-0.10078869836848299,-0.10618704280429396,-0.10230326951990087,0.002048133367586798
84,1.2407050609588623,0.21875721378261864,0.296202278137207,0.06608206802556017,180,5,"{'columntransformer__countvectorizer__max_features': 180, 'decisiontreeregressor__max_depth': 5}",-0.11248700668686529,-0.11414239334980969,-0.10779015312193599,-0.1226415697111517,-0.1047919389826141,-0.11237061237047534,0.006116571219515362,-0.10087911930720833,-0.10108178916678483,-0.10257969795273425,-0.10079751982225856,-0.10618704280429396,-0.10230503381065599,0.002046831320492506
85,1.6125909805297851,0.2495677077802716,0.41417155265808103,0.0703733757405585,111,12,"{'columntransformer__countvectorizer__max_features': 111, 'decisiontreeregressor__max_depth': 12}",-0.11303975942866268,-0.11427981870277837,-0.10876599194495348,-0.1198063269245174,-0.10628293413390631,-0.11243496622696365,0.004677928711809119,-0.0724575981884334,-0.07499119231355106,-0.07661898876099606,-0.07462367169490113,-0.07348425671585374,-0.07443514153474708,0.00140916886304253
86,1.5530921459197997,0.14986430015346716,0.387554931640625,0.05072717577424017,101,12,"{'columntransformer__countvectorizer__max_features': 101, 'decisiontreeregressor__max_depth': 12}",-0.11345183314111523,-0.11529664556706287,-0.10971536866730994,-0.11917684749568903,-0.10513687539535677,-0.11255551405330677,0.004801288822574949,-0.07103592039020812,-0.07499119231355106,-0.07413820082081293,-0.07456290168000267,-0.07374722351432057,-0.07369508774377906,0.001393070453034852
87,1.1080895900726317,0.09255393195661643,0.3040170192718506,0.03424970371491338,270,5,"{'columntransformer__countvectorizer__max_features': 270, 'decisiontreeregressor__max_depth': 5}",-0.11142439594435696,-0.1148210931810519,-0.10722518137052357,-0.12409679997994129,-0.10549815367187965,-0.11261312482955069,0.006600238554106773,-0.10087911930720833,-0.10108178916678483,-0.10257969795273425,-0.10079751982225856,-0.10618704280429396,-0.10230503381065599,0.002046831320492506
88,1.2805428504943848,0.15820460408086562,0.32918572425842285,0.049421756748653976,167,15,"{'columntransformer__countvectorizer__max_features': 167, 'decisiontreeregressor__max_depth': 15}",-0.11254092082092342,-0.11421463191829857,-0.10655045789105813,-0.11966362450799384,-0.11051916485289112,-0.11269775999823302,0.0043216748448246765,-0.06193982712490996,-0.06564227492095331,-0.06404382098310088,-0.06502003774246905,-0.06581081353677924,-0.0644913548616425,0.0014181448537123882
89,1.6757386684417725,0.116886105563165,0.4107858657836914,0.0836559767875678,364,4,"{'columntransformer__countvectorizer__max_features': 364, 'decisiontreeregressor__max_depth': 4}",-0.11233939951738264,-0.11561248166451889,-0.10427558725980794,-0.12457454105939696,-0.10714684779758095,-0.11278977145973748,0.007090631034695736,-0.10415353641750416,-0.10375934638054629,-0.10506847026825332,-0.1062375337560905,-0.11027589582132029,-0.1058989565287429,0.002348887502186121
90,1.3551257610321046,0.23843817607342171,0.3843496799468994,0.03449429987976454,401,19,"{'columntransformer__countvectorizer__max_features': 401, 'decisiontreeregressor__max_depth': 19}",-0.11729045734326232,-0.10899518582751337,-0.10763120244106782,-0.11788892750947197,-0.1126321892603452,-0.11288759247633215,0.004177182487646213,-0.04836904358249231,-0.0533060568139988,-0.050991285641298775,-0.050777566058332974,-0.05478965073861845,-0.05164672056694826,0.002216285079172365
91,1.3727972030639648,0.1629708214729531,0.3080602169036865,0.1003091684848818,192,20,"{'columntransformer__countvectorizer__max_features': 192, 'decisiontreeregressor__max_depth': 20}",-0.1133556105473088,-0.11161974955324785,-0.11020775326961801,-0.11464416922743073,-0.11463568299237191,-0.11289259311799546,0.0017406471250027023,-0.04512784295038082,-0.05001837097607707,-0.04643963535754554,-0.04646101070855189,-0.04986225119864246,-0.04758182223823955,0.0019859481209765716
92,1.3124941349029542,0.10532597832257892,0.30351696014404295,0.019157500816807838,280,22,"{'columntransformer__countvectorizer__max_features': 280, 'decisiontreeregressor__max_depth': 22}",-0.11483018980693395,-0.11162076619325458,-0.11121053739220811,-0.11133327861708572,-0.11550822632876075,-0.11290059966764862,0.001869428490312171,-0.04031325037179006,-0.04541739215035759,-0.04129686153165373,-0.04179051176640134,-0.04522927128148579,-0.042809457420337704,0.0021077983241290753
93,1.2514506340026856,0.06359329808684772,0.2737098217010498,0.022967940907966288,236,15,"{'columntransformer__countvectorizer__max_features': 236, 'decisiontreeregressor__max_depth': 15}",-0.11158936002329262,-0.11190678931186232,-0.1114358502325359,-0.12111217065074507,-0.1085630026879199,-0.11292143458127116,0.004268371456111034,-0.06292499959956391,-0.06570295636208322,-0.06475363466294912,-0.06579451753938136,-0.0661935452802684,-0.06507393068884919,0.0011737929894807173
94,1.2423043727874756,0.08527772289854425,0.3056534767150879,0.0874742139189847,392,15,"{'columntransformer__countvectorizer__max_features': 392, 'decisiontreeregressor__max_depth': 15}",-0.11798843358453111,-0.11155126680747295,-0.10872863383106017,-0.1152507210980188,-0.11131997019048567,-0.11296780510231375,0.003259169510912551,-0.06295320294108751,-0.06529464608729035,-0.06627376611831007,-0.06578848577611601,-0.06685274218026928,-0.06543256862061464,0.0013429415467001507
95,1.8816846847534179,0.27230321570938687,0.3905925750732422,0.07733329222135864,312,15,"{'columntransformer__countvectorizer__max_features': 312, 'decisiontreeregressor__max_depth': 15}",-0.11508052038195521,-0.11513105038995507,-0.10457123598665885,-0.11873305000854288,-0.11135494218693558,-0.11297415979080952,0.004805928477278377,-0.06298126096168974,-0.0658011563309374,-0.06512976496552206,-0.06534975671984299,-0.06621354151906877,-0.06509509609941219,0.0011210525552923791
96,1.6089699745178223,0.11541766057747126,0.40303683280944824,0.09549140320307084,263,15,"{'columntransformer__countvectorizer__max_features': 263, 'decisiontreeregressor__max_depth': 15}",-0.11757790773015019,-0.11298225797641427,-0.10837202459484345,-0.11753503455966983,-0.10860921271813541,-0.11301528751584264,0.004055122518178313,-0.06289378883481317,-0.06607365533667565,-0.06530141112693534,-0.06579451753938136,-0.06636074388050833,-0.06528482334366277,0.0012455496991304273
97,1.1345412731170654,0.05948820840664144,0.3068110466003418,0.06566594642813485,198,25,"{'columntransformer__countvectorizer__max_features': 198, 'decisiontreeregressor__max_depth': 25}",-0.11157775618402478,-0.11264371678882502,-0.11265913762475932,-0.11514685625684155,-0.11314141505135962,-0.11303377638116205,0.0011738132851666291,-0.03224559372513367,-0.03857663457217229,-0.03408135529558818,-0.032780978034866404,-0.03827457393365785,-0.03519182711228368,0.00270872226728863
98,1.5174173355102538,0.17275133114864588,0.5258365154266358,0.22124326651760148,395,18,"{'columntransformer__countvectorizer__max_features': 395, 'decisiontreeregressor__max_depth': 18}",-0.11248252260445507,-0.11000553245509156,-0.11157411984293458,-0.11775187829216074,-0.11349142989794976,-0.11306109661851835,0.0026103999547524652,-0.05128474081729464,-0.056260058436872984,-0.0542269811819362,-0.05386948978435083,-0.05766549042403227,-0.054661352128897375,0.0021816478541403167
99,1.369144821166992,0.07780934176125688,0.29019851684570314,0.06761911785192605,195,25,"{'columntransformer__countvectorizer__max_features': 195, 'decisiontreeregressor__max_depth': 25}",-0.1164229982929451,-0.1129197305040347,-0.11021920786927732,-0.11381240203309688,-0.11209051377346074,-0.11309297049456295,0.002044510213969348,-0.03181830662563108,-0.038530631022617556,-0.034642224574308454,-0.032779845152515225,-0.038530835466257726,-0.03526036856826601,0.0028204063211349694
100,2.0018052101135253,0.3068587216060381,0.5830679893493652,0.1442326142238238,229,17,"{'columntransformer__countvectorizer__max_features': 229, 'decisiontreeregressor__max_depth': 17}",-0.11198311995622723,-0.11414226579888598,-0.10901335174144196,-0.11797625392309938,-0.11262719188853747,-0.11314843666163839,0.00293339742615058,-0.05490020320702671,-0.058888660438633375,-0.05715823847585093,-0.057234525287971884,-0.05908316341844731,-0.05745295816558604,0.0015079748458962689
101,1.1392313480377196,0.06988326340268676,0.2846373081207275,0.03836256986817154,277,19,"{'columntransformer__countvectorizer__max_features': 277, 'decisiontreeregressor__max_depth': 19}",-0.11407107500416168,-0.1136040562399552,-0.11215545792157279,-0.11358493838633635,-0.11244348519906859,-0.1131718025502189,0.0007388664271652598,-0.04836151815123807,-0.053769040855972665,-0.049999666924090545,-0.050812540062680094,-0.05319569889065518,-0.05122769297692732,0.0020113107357573935
102,1.9810351371765136,0.25640305043871525,0.5412944793701172,0.07240183951118638,220,15,"{'columntransformer__countvectorizer__max_features': 220, 'decisiontreeregressor__max_depth': 15}",-0.11713843542624128,-0.11150988802874372,-0.1094978072302182,-0.1171477047790935,-0.11066269439181037,-0.11319130597122143,0.003289252140782978,-0.06303959231792243,-0.06543465804861906,-0.0649353624858202,-0.06595052170341305,-0.06621354151906876,-0.0651147352149687,0.0011266461367093763
103,1.1670977115631103,0.11046534683164437,0.25933246612548827,0.049705456902018504,379,20,"{'columntransformer__countvectorizer__max_features': 379, 'decisiontreeregressor__max_depth': 20}",-0.11853154207681352,-0.11185605487249695,-0.10990043795019613,-0.1105759644035656,-0.11521766359803676,-0.11321633258022179,0.0032271918004169527,-0.04517347986168137,-0.050203592622839945,-0.046644084435368965,-0.04745761723292582,-0.05168838706965548,-0.04823343224449432,0.0023794734180459594
104,1.177185297012329,0.07827920070816302,0.26547880172729493,0.04711587940324455,437,18,"{'columntransformer__countvectorizer__max_features': 437, 'decisiontreeregressor__max_depth': 18}",-0.11208003751587871,-0.1102145088123845,-0.1112333384318879,-0.11838215567108962,-0.11427984620543385,-0.11323797732733491,0.0028999594880100227,-0.05136770493971745,-0.05623820095970371,-0.053816224619297914,-0.053314450239299795,-0.05739203221126565,-0.0544257225938569,0.002146716402928776
105,1.2479232788085937,0.08094494317556386,0.22355895042419432,0.031068859120414648,419,24,"{'columntransformer__countvectorizer__max_features': 419, 'decisiontreeregressor__max_depth': 24}",-0.11214172127140996,-0.11313733938060147,-0.1118637279530054,-0.11468236130422885,-0.11509309954681952,-0.11338364989121305,0.0013055334328862817,-0.03467428375946904,-0.0396950780542292,-0.036448546571057144,-0.03529942409092359,-0.04265186030069128,-0.037753838555274054,0.0029990206094031076
106,1.5696257114410401,0.18207155148380216,0.3150297164916992,0.08808152057788236,430,17,"{'columntransformer__countvectorizer__max_features': 430, 'decisiontreeregressor__max_depth': 17}",-0.11149496064960192,-0.11247630594488663,-0.11112212874058075,-0.11877409970320621,-0.11319962000141004,-0.11341342300793711,0.0027781750120044906,-0.055366521149013644,-0.05901873614298003,-0.05813086379588061,-0.05694394524360775,-0.06043172234081081,-0.057978357734458565,0.0017329941011836603
107,1.6784141063690186,0.34453819843244426,0.4254042148590088,0.13612647657545301,377,21,"{'columntransformer__countvectorizer__max_features': 377, 'decisiontreeregressor__max_depth': 21}",-0.1145654124474833,-0.11345609485225529,-0.11209621397355148,-0.11302211736159021,-0.11431806705656611,-0.11349158113828928,0.0008949746021282067,-0.04312292211827898,-0.047625050321785836,-0.043384025410934605,-0.04468400496687677,-0.048719117636665775,-0.04550702409090839,0.0022659217175784703
108,1.868006706237793,0.23369492665912678,0.4188700675964355,0.09875036490416793,138,16,"{'columntransformer__countvectorizer__max_features': 138, 'decisiontreeregressor__max_depth': 16}",-0.1148304796339024,-0.11442974520886273,-0.10953764797359848,-0.12157258897231549,-0.10741972199223718,-0.11355803675618326,0.004908247504620218,-0.057146953009156815,-0.06055982361815188,-0.059828103051071946,-0.060489869147461905,-0.0618626233597156,-0.059977474437111634,0.001561385841701333
109,1.1840778827667235,0.1622557161280518,0.3163146018981934,0.05946847594145894,215,18,"{'columntransformer__countvectorizer__max_features': 215, 'decisiontreeregressor__max_depth': 18}",-0.11602357223168758,-0.10952603803792627,-0.11619293290215159,-0.1153423291781182,-0.11203650391829846,-0.11382427525363643,0.0026238484514598294,-0.05109881501423737,-0.05602520215897765,-0.0528798000427501,-0.05343671538383502,-0.05552095638923037,-0.0537922977978061,0.0017993367068635472
110,1.2924811840057373,0.20189977131685147,0.3030977725982666,0.050180509883042464,412,21,"{'columntransformer__countvectorizer__max_features': 412, 'decisiontreeregressor__max_depth': 21}",-0.11378662305606098,-0.11319328079649317,-0.11518434085754238,-0.1138605673880623,-0.11318666878487274,-0.11384229617660631,0.0007287778124453145,-0.04259535512313413,-0.04759333479456806,-0.044693072890361354,-0.04458014359833274,-0.04856333072871761,-0.045605047427022774,0.002174630999811025
111,1.4595860481262206,0.16311853158929512,0.3104396820068359,0.08856897366923434,411,17,"{'columntransformer__countvectorizer__max_features': 411, 'decisiontreeregressor__max_depth': 17}",-0.11454977577054762,-0.10983540515164056,-0.10992274050155953,-0.1212566022785481,-0.1143719881229307,-0.11398730236504531,0.0041729125154848406,-0.05494047495376994,-0.05885448907506324,-0.05819094549221596,-0.057201435181034585,-0.06032565104207896,-0.057902599148832536,0.0017958969446758666
112,1.6672819137573243,0.2158407750228756,0.3515767574310303,0.07899029288018616,359,21,"{'columntransformer__countvectorizer__max_features': 359, 'decisiontreeregressor__max_depth': 21}",-0.1130963855810623,-0.11178033889048498,-0.11638777928206595,-0.11338370390611598,-0.11590961943746472,-0.11411156541943879,0.0017555134528835692,-0.04268737050800173,-0.04759333479456806,-0.04336353112438528,-0.04430982777194788,-0.0487606375407984,-0.045342940347940265,0.0023992650087575965
113,1.8805508136749267,0.3018981875689108,0.41813812255859373,0.11723436400431748,198,19,"{'columntransformer__countvectorizer__max_features': 198, 'decisiontreeregressor__max_depth': 19}",-0.11340362223694163,-0.11225429662748374,-0.11180627084198798,-0.11796387498439927,-0.11535221262459748,-0.11415605546308201,0.002264270816668169,-0.048503765297871815,-0.0535389656589149,-0.04971097889003741,-0.05025569952924014,-0.0531435828325091,-0.05103059844171467,0.0019739989338706148
114,1.6974242210388184,0.14313793081784873,0.42627792358398436,0.07203959059018562,211,24,"{'columntransformer__countvectorizer__max_features': 211, 'decisiontreeregressor__max_depth': 24}",-0.11512929755446397,-0.1150096903725309,-0.11281732635504906,-0.11537438342063387,-0.1127765162439135,-0.11422144278931827,0.0011691161027868023,-0.03579349313179481,-0.04015181467093349,-0.03677575746107251,-0.035577117923709406,-0.04036427540319588,-0.03773249171814121,0.0021023844113317136
115,1.5829905033111573,0.23371645481816758,0.3422029972076416,0.10772741685589318,203,24,"{'columntransformer__countvectorizer__max_features': 203, 'decisiontreeregressor__max_depth': 24}",-0.11526439504817741,-0.11063111372967109,-0.11839445089372688,-0.11587774030770814,-0.1110483937865539,-0.1142432187531675,0.0029732608123280053,-0.034136812563901456,-0.04082879557625972,-0.03662107037638706,-0.03499205202502432,-0.04081230721610048,-0.0374782075515346,0.002843351353142524
116,1.4872363090515137,0.17987495210703494,0.4117344856262207,0.10569339887225823,227,18,"{'columntransformer__countvectorizer__max_features': 227, 'decisiontreeregressor__max_depth': 18}",-0.11638238595317735,-0.11142466043066133,-0.10698705643707408,-0.12049860564609657,-0.11602595778907643,-0.11426373325121715,0.004636337311104362,-0.05109881501423735,-0.05645396424647427,-0.052931857816441344,-0.05381625653361512,-0.05588423304043927,-0.054037025330241475,0.0019573954125628665
117,1.4251551151275634,0.24438786122512263,0.4353166103363037,0.15867457324778925,221,17,"{'columntransformer__countvectorizer__max_features': 221, 'decisiontreeregressor__max_depth': 17}",-0.11554946634712965,-0.11339936661831305,-0.11492082252188253,-0.11383199937683369,-0.11415646463314147,-0.11437162389946007,0.0007709350575047005,-0.05490440686589138,-0.05936529516812406,-0.057101821406795525,-0.057100586030332606,-0.05920839496569719,-0.05753610088736816,0.0016399149052183288
118,0.8798347473144531,0.10845102008758929,0.2681816577911377,0.0931946367628559,388,24,"{'columntransformer__countvectorizer__max_features': 388, 'decisiontreeregressor__max_depth': 24}",-0.11545595326476346,-0.11239340953796138,-0.11892887633189726,-0.11346525429310879,-0.11190588960279918,-0.114429876606106,0.002558985602200328,-0.03538411738292414,-0.039879757788136065,-0.03669949382433245,-0.03581198694229442,-0.04253058800123432,-0.03806118878778428,0.0027335894337004313
119,1.192365837097168,0.07377978055847483,0.25850830078125,0.04596431545624765,435,25,"{'columntransformer__countvectorizer__max_features': 435, 'decisiontreeregressor__max_depth': 25}",-0.11211433296314369,-0.11057675378416328,-0.11606434086150522,-0.11699042657367249,-0.11652193983153981,-0.1144535588028049,0.0026003888820340555,-0.032787433140669474,-0.03708365789444981,-0.03454638380839146,-0.03296480146129156,-0.04056256428806696,-0.03558896811857386,0.002925494395987008
120,1.2868714809417725,0.19932462382293822,0.3164343357086182,0.03670766050816556,210,29,"{'columntransformer__countvectorizer__max_features': 210, 'decisiontreeregressor__max_depth': 29}",-0.10970140089081802,-0.11641021174439113,-0.11443287831223735,-0.11284175244872605,-0.11917718370652793,-0.11451268542054009,0.0032032794260402875,-0.024070217425542755,-0.031199136181950932,-0.026276577723974147,-0.022854812416504312,-0.031055574209390178,-0.027091263591472466,0.00347356668144455
121,1.30487117767334,0.1374502683725607,0.28428173065185547,0.055287103145024295,378,26,"{'columntransformer__countvectorizer__max_features': 378, 'decisiontreeregressor__max_depth': 26}",-0.11404688623001784,-0.11321519130552864,-0.11124045151493019,-0.11767370412762816,-0.11681897022246797,-0.11459904068011458,0.002361426572954873,-0.029687651012270184,-0.03411683609836862,-0.03303594802181563,-0.03037984327260763,-0.038983842256567286,-0.03324082413232587,0.0033045991908681955
122,2.051922845840454,0.12960635287461122,0.4625235557556152,0.10765148708568013,169,23,"{'columntransformer__countvectorizer__max_features': 169, 'decisiontreeregressor__max_depth': 23}",-0.11404954543357404,-0.11200682452414232,-0.11782740894073403,-0.11710454496173905,-0.1122885243808378,-0.11465536964820547,0.0024101478694329354,-0.03705064905975462,-0.04306483453928578,-0.03757867619140797,-0.03711822064603618,-0.042708764307463495,-0.03950422894878961,0.0027701192158536784
123,1.3519743919372558,0.20113883706229532,0.3263368606567383,0.027265270771869635,229,28,"{'columntransformer__countvectorizer__max_features': 229, 'decisiontreeregressor__max_depth': 28}",-0.11080974121122174,-0.11567436032116796,-0.11542691241530417,-0.1163064259630158,-0.11534320856516461,-0.11471212969517483,0.0019801757055414836,-0.026514816788314258,-0.031517856273257705,-0.02872216285028205,-0.026601601703825525,-0.03321682102043075,-0.029314651727222057,0.0026695241017234274
124,1.184678840637207,0.0736768981645275,0.2993912696838379,0.0634815880088925,209,19,"{'columntransformer__countvectorizer__max_features': 209, 'decisiontreeregressor__max_depth': 19}",-0.11513291764291056,-0.11411684086290932,-0.11371277256908115,-0.11706927786678215,-0.11391835608533814,-0.11479003300540427,0.0012398407457504589,-0.048635357588393754,-0.05353896565891492,-0.04990905814561001,-0.05054695744330349,-0.05307868375261349,-0.051141804517767134,0.0018790245116462791
125,1.465834140777588,0.20405616291740117,0.44379167556762694,0.1146709529103674,108,18,"{'columntransformer__countvectorizer__max_features': 108, 'decisiontreeregressor__max_depth': 18}",-0.11522376639166844,-0.11963273157465333,-0.11019953255639565,-0.11872138015155267,-0.11042783979748086,-0.1148410500943502,0.003979541549105252,-0.04780190072090231,-0.05578027992280817,-0.050972836791595845,-0.05261349756717229,-0.054612979032071046,-0.05235629880690993,0.002812077971770636
126,1.6585944652557374,0.1729662827871136,0.3727290630340576,0.05550373300069104,177,22,"{'columntransformer__countvectorizer__max_features': 177, 'decisiontreeregressor__max_depth': 22}",-0.11821174565913085,-0.11328978615789752,-0.11420041248800272,-0.11541407313940527,-0.11314355398539871,-0.11485191428596701,0.001864815445582187,-0.03962436569137189,-0.04556526423995578,-0.03997156567219829,-0.04094917000805709,-0.04523923460413288,-0.042269920043143186,0.002596223936233903
127,1.1619556427001954,0.07863862895899514,0.2919613361358643,0.053671807129090726,329,20,"{'columntransformer__countvectorizer__max_features': 329, 'decisiontreeregressor__max_depth': 20}",-0.1158593710946277,-0.11273874388498908,-0.11250203705844741,-0.11859617559781406,-0.11475529646912153,-0.11489032482099995,0.0022371335354520153,-0.045110957542161254,-0.05009140770119842,-0.046813346371694105,-0.0475171404223008,-0.05067426756181442,-0.0480414239198338,0.00207388427775878
128,1.1987969398498535,0.11340136411575752,0.3070342540740967,0.044753344238997975,344,26,"{'columntransformer__countvectorizer__max_features': 344, 'decisiontreeregressor__max_depth': 26}",-0.11333788418842715,-0.1148371018981541,-0.1198420906862787,-0.1108324724047035,-0.11569920177485392,-0.11490975019048348,0.002968213308229053,-0.030421084743768336,-0.03468819577868768,-0.03283542868063246,-0.030684707972455202,-0.037535525806502476,-0.03323298859640923,0.002652849248982702
129,1.0643845081329346,0.03628648800412761,0.27874159812927246,0.02399546466227405,151,22,"{'columntransformer__countvectorizer__max_features': 151, 'decisiontreeregressor__max_depth': 22}",-0.11606273223285274,-0.11331480266977526,-0.11767401567912,-0.11748891937902423,-0.11024925247805183,-0.1149579444877648,0.0028240087837948596,-0.037541996135428087,-0.0462391381397617,-0.03990721456205551,-0.04032098334901139,-0.04499735503331838,-0.04180133744391501,0.0032811504557974133
130,1.407940149307251,0.22933079393188974,0.3911144256591797,0.09597178977694379,283,22,"{'columntransformer__countvectorizer__max_features': 283, 'decisiontreeregressor__max_depth': 22}",-0.11458281439364369,-0.1140186033309226,-0.11008739751213625,-0.12208772447886486,-0.1146074416144167,-0.11507679626599683,0.003889249246269228,-0.04079035972547785,-0.04575552531972125,-0.0414446515003438,-0.04103164786050298,-0.045266160997274575,-0.04285766908066409,0.0021818865343291327
131,1.5380563259124755,0.28243687911552173,0.4665072917938232,0.08653160747821899,254,24,"{'columntransformer__countvectorizer__max_features': 254, 'decisiontreeregressor__max_depth': 24}",-0.11694445848688362,-0.11658186795345783,-0.11149538275915281,-0.1139181729729899,-0.11649975521443541,-0.11508792747738392,0.0020950668842513918,-0.035729826504927155,-0.04045401807658124,-0.03664957357338807,-0.03578632097337058,-0.0411543792053799,-0.03795482366672939,0.0023596534682212905
132,1.495734739303589,0.14745938594854904,0.36214518547058105,0.08646441273808386,110,3,"{'columntransformer__countvectorizer__max_features': 110, 'decisiontreeregressor__max_depth': 3}",-0.11635764843478233,-0.11548542247327787,-0.10808471983213948,-0.12552313317468403,-0.10999240783589266,-0.11508866635015529,0.006093815660749029,-0.1072205371284171,-0.10741330883808696,-0.10977590637101875,-0.10844073657040793,-0.11417614698304308,-0.10940532717819476,0.002552251171732553
133,1.7155553817749023,0.1712813464301136,0.38212075233459475,0.09057640374899656,296,24,"{'columntransformer__countvectorizer__max_features': 296, 'decisiontreeregressor__max_depth': 24}",-0.11393298463784761,-0.11359707275402799,-0.11610876363562916,-0.11823541701482929,-0.11357536233349076,-0.11508992007516497,0.0018326576920608382,-0.03527969376533467,-0.040241884480395285,-0.036837998264622265,-0.03590884154823014,-0.04120129251883112,-0.0378939421154827,0.002380812304824063
134,1.3765247344970704,0.1773946438381618,0.35288162231445314,0.09139072429692495,307,3,"{'columntransformer__countvectorizer__max_features': 307, 'decisiontreeregressor__max_depth': 3}",-0.11635764843478233,-0.11564764363126172,-0.10808471983213948,-0.12552313317468403,-0.10999240783589266,-0.11512111058175205,0.006096273018405408,-0.1072205371284171,-0.10722229683691265,-0.10977590637101875,-0.10844073657040793,-0.11417614698304308,-0.10936712477795991,0.002583026035670756
134,1.6581238746643066,0.2740321780616106,0.37774977684020994,0.06757363154807672,391,3,"{'columntransformer__countvectorizer__max_features': 391, 'decisiontreeregressor__max_depth': 3}",-0.11635764843478233,-0.11564764363126172,-0.10808471983213948,-0.12552313317468403,-0.10999240783589266,-0.11512111058175205,0.006096273018405408,-0.1072205371284171,-0.10722229683691265,-0.10977590637101875,-0.10844073657040793,-0.11417614698304308,-0.10936712477795991,0.002583026035670756
134,1.310552978515625,0.2543302638459407,0.33781142234802247,0.061267264344998504,297,3,"{'columntransformer__countvectorizer__max_features': 297, 'decisiontreeregressor__max_depth': 3}",-0.11635764843478233,-0.11564764363126172,-0.10808471983213948,-0.12552313317468403,-0.10999240783589266,-0.11512111058175205,0.006096273018405408,-0.1072205371284171,-0.10722229683691265,-0.10977590637101875,-0.10844073657040793,-0.11417614698304308,-0.10936712477795991,0.002583026035670756
134,2.2325637340545654,0.33436994039882095,0.381089448928833,0.10461889092625998,195,3,"{'columntransformer__countvectorizer__max_features': 195, 'decisiontreeregressor__max_depth': 3}",-0.11635764843478233,-0.11564764363126172,-0.10808471983213948,-0.12552313317468403,-0.10999240783589266,-0.11512111058175205,0.006096273018405408,-0.1072205371284171,-0.10722229683691265,-0.10977590637101875,-0.10844073657040793,-0.11417614698304308,-0.10936712477795991,0.002583026035670756
134,1.1046510696411134,0.13266524365104865,0.27150254249572753,0.030519113146055224,356,3,"{'columntransformer__countvectorizer__max_features': 356, 'decisiontreeregressor__max_depth': 3}",-0.11635764843478233,-0.11564764363126172,-0.10808471983213948,-0.12552313317468403,-0.10999240783589266,-0.11512111058175205,0.006096273018405408,-0.1072205371284171,-0.10722229683691265,-0.10977590637101875,-0.10844073657040793,-0.11417614698304308,-0.10936712477795991,0.002583026035670756
134,1.5239029407501221,0.15371422765888532,0.41006126403808596,0.040197008713788306,424,3,"{'columntransformer__countvectorizer__max_features': 424, 'decisiontreeregressor__max_depth': 3}",-0.11635764843478233,-0.11564764363126172,-0.10808471983213948,-0.12552313317468403,-0.10999240783589266,-0.11512111058175205,0.006096273018405408,-0.1072205371284171,-0.10722229683691265,-0.10977590637101875,-0.10844073657040793,-0.11417614698304308,-0.10936712477795991,0.002583026035670756
134,1.2357551097869872,0.16687768849784937,0.34230527877807615,0.050653101361950455,209,3,"{'columntransformer__countvectorizer__max_features': 209, 'decisiontreeregressor__max_depth': 3}",-0.11635764843478233,-0.11564764363126172,-0.10808471983213948,-0.12552313317468403,-0.10999240783589266,-0.11512111058175205,0.006096273018405408,-0.1072205371284171,-0.10722229683691265,-0.10977590637101875,-0.10844073657040793,-0.11417614698304308,-0.10936712477795991,0.002583026035670756
134,1.1700244903564454,0.09683007778918597,0.30243420600891113,0.06321794449235432,132,3,"{'columntransformer__countvectorizer__max_features': 132, 'decisiontreeregressor__max_depth': 3}",-0.11635764843478233,-0.11564764363126172,-0.10808471983213948,-0.12552313317468403,-0.10999240783589266,-0.11512111058175205,0.006096273018405408,-0.1072205371284171,-0.10722229683691265,-0.10977590637101875,-0.10844073657040793,-0.11417614698304308,-0.10936712477795991,0.002583026035670756
134,1.140103244781494,0.1697020944189197,0.3012696266174316,0.07405651861792563,185,3,"{'columntransformer__countvectorizer__max_features': 185, 'decisiontreeregressor__max_depth': 3}",-0.11635764843478233,-0.11564764363126172,-0.10808471983213948,-0.12552313317468403,-0.10999240783589266,-0.11512111058175205,0.006096273018405408,-0.1072205371284171,-0.10722229683691265,-0.10977590637101875,-0.10844073657040793,-0.11417614698304308,-0.10936712477795991,0.002583026035670756
134,1.1797155857086181,0.11492802469048234,0.26209726333618166,0.05179835829787139,141,3,"{'columntransformer__countvectorizer__max_features': 141, 'decisiontreeregressor__max_depth': 3}",-0.11635764843478233,-0.11564764363126172,-0.10808471983213948,-0.12552313317468403,-0.10999240783589266,-0.11512111058175205,0.006096273018405408,-0.1072205371284171,-0.10722229683691265,-0.10977590637101875,-0.10844073657040793,-0.11417614698304308,-0.10936712477795991,0.002583026035670756
134,1.49729380607605,0.14270807304449304,0.3308594226837158,0.03430049448032357,192,3,"{'columntransformer__countvectorizer__max_features': 192, 'decisiontreeregressor__max_depth': 3}",-0.11635764843478233,-0.11564764363126172,-0.10808471983213948,-0.12552313317468403,-0.10999240783589266,-0.11512111058175205,0.006096273018405408,-0.1072205371284171,-0.10722229683691265,-0.10977590637101875,-0.10844073657040793,-0.11417614698304308,-0.10936712477795991,0.002583026035670756
145,1.2030228137969972,0.030739749175278858,0.2715482711791992,0.020556834322812908,153,25,"{'columntransformer__countvectorizer__max_features': 153, 'decisiontreeregressor__max_depth': 25}",-0.1173996858850142,-0.11309711329086823,-0.11339672050754007,-0.11703295080927419,-0.11480699055372447,-0.11514669220928424,0.0017895543536548988,-0.029649895129121973,-0.039689182912488775,-0.033368162469722545,-0.03187369348086953,-0.03808740032423821,-0.03453366686328821,0.0037813609318095545
146,1.4610468864440918,0.054449804752690116,0.3460524082183838,0.04510862580054871,435,27,"{'columntransformer__countvectorizer__max_features': 435, 'decisiontreeregressor__max_depth': 27}",-0.11297927822963752,-0.11332022449830602,-0.11927805953293724,-0.11464302619722358,-0.11558455275758328,-0.11516102824313752,0.00226036445395385,-0.028132337476717874,-0.033040682117219916,-0.03110566253808022,-0.028406638301458877,-0.03769562939058672,-0.031676189964812716,0.003511975225308776
147,1.7191612720489502,0.30678530817253147,0.4913604259490967,0.09862224511789755,232,25,"{'columntransformer__countvectorizer__max_features': 232, 'decisiontreeregressor__max_depth': 25}",-0.11019354799037624,-0.11248617019209767,-0.11865272052602624,-0.1198691259039573,-0.11482704128123435,-0.11520572117873837,0.003641164215886055,-0.032721178858294724,-0.037311900006780634,-0.03476071834823624,-0.03266390450157141,-0.038202423275672186,-0.035132024998111036,0.002290016033123795
148,1.199835729598999,0.09661306549960826,0.2579789161682129,0.0424425671882857,116,17,"{'columntransformer__countvectorizer__max_features': 116, 'decisiontreeregressor__max_depth': 17}",-0.11231831365430917,-0.11699532300048289,-0.11280148605885332,-0.12295049837640802,-0.11158893095314897,-0.11533091040864048,0.0042498123973948735,-0.051915478386961866,-0.05893572450942308,-0.05467748456485295,-0.05589342333243296,-0.05696307454233516,-0.05567703706720121,0.0023438510259467856
149,1.092894697189331,0.08125448180345564,0.25048050880432127,0.03785612346230765,140,19,"{'columntransformer__countvectorizer__max_features': 140, 'decisiontreeregressor__max_depth': 19}",-0.11365002853346928,-0.11419362523440775,-0.11632951420575524,-0.11920763728120434,-0.11331874215422146,-0.11533990948181161,0.002199700816083016,-0.04498541072098754,-0.05303968816129014,-0.04799592838534176,-0.04919938025983606,-0.052989675608688794,-0.049642016627228856,0.0030770279338796698
150,1.2670851230621338,0.072711698320543,0.33691892623901365,0.060983690827338725,318,27,"{'columntransformer__countvectorizer__max_features': 318, 'decisiontreeregressor__max_depth': 27}",-0.11152057316034428,-0.11286374548185671,-0.1177794430327112,-0.11862627805932788,-0.11602156062571961,-0.11536232007199194,0.0027543564610860846,-0.028279529462162206,-0.03231624252301213,-0.0309649163437076,-0.028148730981837067,-0.036209372143919095,-0.03118375829092762,0.0029743282532336776
151,1.4019039154052735,0.14107021910574286,0.3216997146606445,0.06068623152159802,328,27,"{'columntransformer__countvectorizer__max_features': 328, 'decisiontreeregressor__max_depth': 27}",-0.11348171083577338,-0.11307041624070202,-0.1152049738153376,-0.11986510655535189,-0.11537736226841058,-0.11539991394311508,0.002411742855380197,-0.02869688002384231,-0.033151814737081065,-0.030654466335392382,-0.02857380155561215,-0.036209372143919095,-0.0314572669591694,0.00289939971257235
152,1.4444567680358886,0.3017398862808781,0.4146567821502686,0.11433713185006879,160,18,"{'columntransformer__countvectorizer__max_features': 160, 'decisiontreeregressor__max_depth': 18}",-0.11576283490326512,-0.11098928497532161,-0.11225753725908948,-0.12192315054869893,-0.11637358005033717,-0.11546127754734245,0.0038194686745757216,-0.05002996254924651,-0.05543995925815551,-0.05160097041671145,-0.05300295964926155,-0.05536683445716805,-0.053088137266108615,0.002111628785275946
153,1.5317468166351318,0.329679176504975,0.3456742763519287,0.08850563279031723,173,25,"{'columntransformer__countvectorizer__max_features': 173, 'decisiontreeregressor__max_depth': 25}",-0.1134491257171451,-0.11150333423870346,-0.11821431887116701,-0.12087149074132567,-0.11359599618804855,-0.11552685315127795,0.0034647218447481248,-0.031947034737108325,-0.038788447536446856,-0.03378836576346166,-0.03212047779187297,-0.03874615276873099,-0.03507809571952416,0.003080123476833776
154,1.4021794319152832,0.20770981334016475,0.34812307357788086,0.09267501511338039,372,24,"{'columntransformer__countvectorizer__max_features': 372, 'decisiontreeregressor__max_depth': 24}",-0.11258039790128054,-0.11634004899341714,-0.11853440637068112,-0.11805488041201073,-0.11234530423712906,-0.1155710075829037,0.002641654392248209,-0.03541688649956887,-0.040232814593147245,-0.0368839305095874,-0.03558723023296724,-0.042536468970418045,-0.03813146616113776,0.0028006477601284423
155,1.7478458404541015,0.2986962251868353,0.4709346771240234,0.11778179058027358,363,25,"{'columntransformer__countvectorizer__max_features': 363, 'decisiontreeregressor__max_depth': 25}",-0.11367403053796139,-0.11436116256074023,-0.11819908802173584,-0.11579046475788128,-0.1158469111079539,-0.11557433139725452,0.0015552030509061504,-0.031872371462428585,-0.03779826722980414,-0.034493500021472966,-0.03305058920691676,-0.04042326755969091,-0.03552759909606267,0.0031524318048144736
156,1.2512876987457275,0.07062598389843965,0.3031771183013916,0.09093242162688926,414,26,"{'columntransformer__countvectorizer__max_features': 414, 'decisiontreeregressor__max_depth': 26}",-0.11167828855339332,-0.11711444514871795,-0.11874086992521876,-0.11687038180011132,-0.11410342222487548,-0.11570148153046338,0.0025036194245927133,-0.02926543941807398,-0.035531482943680665,-0.03259112620569491,-0.03045526708728066,-0.03901049706886077,-0.0333707625447182,0.003533749926152743
157,1.7367988109588623,0.18171594195775592,0.38568830490112305,0.0833058798320871,152,24,"{'columntransformer__countvectorizer__max_features': 152, 'decisiontreeregressor__max_depth': 24}",-0.11589396974263003,-0.11728783961681422,-0.1192823393805083,-0.1133654966870493,-0.11412984083921313,-0.11599189725324299,0.0021392194755586913,-0.031221265934476466,-0.04111616983623554,-0.0354245410921857,-0.034149998855428285,-0.04028421217276179,-0.036439237578217556,0.003745797003104924
158,1.6213634014129639,0.20224096637179803,0.3797911167144775,0.0933819747556499,341,26,"{'columntransformer__countvectorizer__max_features': 341, 'decisiontreeregressor__max_depth': 26}",-0.11457840723023813,-0.11079643260898367,-0.11931633267435394,-0.11904575202420535,-0.11668876070932813,-0.11608513704942185,0.003156290770021647,-0.029393710006230367,-0.03510813466238892,-0.03294753042845028,-0.03019529201235716,-0.037474755791604024,-0.03302388458020615,0.003011288304179805
159,1.3169978141784668,0.16095510885306366,0.3376178741455078,0.05278759934391526,283,25,"{'columntransformer__countvectorizer__max_features': 283, 'decisiontreeregressor__max_depth': 25}",-0.11488969017550332,-0.11434720521683198,-0.11621216649468581,-0.11970474413776003,-0.11549418825275279,-0.1161295988555068,0.0018924338010237378,-0.03295427184648816,-0.037970342544508436,-0.034765749427945976,-0.03286542773649133,-0.03897287900880956,-0.03550573411284869,0.0025347245705433694
160,1.20703444480896,0.09959131061706766,0.3292568206787109,0.04398790407123658,174,26,"{'columntransformer__countvectorizer__max_features': 174, 'decisiontreeregressor__max_depth': 26}",-0.11470526219265526,-0.11412736657854708,-0.12030715468874571,-0.11725057876668585,-0.11448155016608313,-0.11617438247854342,0.00234317196720119,-0.029736952264577603,-0.036276160459659666,-0.03139220675271771,-0.02955151165900353,-0.03658753297969498,-0.032708872823130695,0.003108195507361705
161,1.0562897205352784,0.12037187901388237,0.2744612216949463,0.10721200939729869,430,27,"{'columntransformer__countvectorizer__max_features': 430, 'decisiontreeregressor__max_depth': 27}",-0.11737077250812532,-0.11368538559333848,-0.11603889456491305,-0.11655952880271235,-0.11732390299735905,-0.11619569689328965,0.001349983345452967,-0.02818352684584054,-0.032665827726818315,-0.03099668792716321,-0.029104150976489447,-0.03772493482730459,-0.03173502566072321,0.003371207272037605
162,1.2564284801483154,0.11732619688152449,0.2974484920501709,0.060585477204441573,231,2,"{'columntransformer__countvectorizer__max_features': 231, 'decisiontreeregressor__max_depth': 2}",-0.11922003640599792,-0.11876556537221093,-0.108374506737243,-0.12559095839237908,-0.10930529868007965,-0.11625127311758213,0.006521578820093632,-0.1118825045539875,-0.11231736661434469,-0.11297780053303413,-0.1104319905297397,-0.11765762149595367,-0.11305345674541194,0.0024490447014364424
162,1.305771827697754,0.11705315211846494,0.27078814506530763,0.06606208509803033,253,2,"{'columntransformer__countvectorizer__max_features': 253, 'decisiontreeregressor__max_depth': 2}",-0.11922003640599792,-0.11876556537221093,-0.108374506737243,-0.12559095839237908,-0.10930529868007965,-0.11625127311758213,0.006521578820093632,-0.1118825045539875,-0.11231736661434469,-0.11297780053303413,-0.1104319905297397,-0.11765762149595367,-0.11305345674541194,0.0024490447014364424
162,1.2522394180297851,0.16783354235683215,0.30214662551879884,0.05404127730903255,225,2,"{'columntransformer__countvectorizer__max_features': 225, 'decisiontreeregressor__max_depth': 2}",-0.11922003640599792,-0.11876556537221093,-0.108374506737243,-0.12559095839237908,-0.10930529868007965,-0.11625127311758213,0.006521578820093632,-0.1118825045539875,-0.11231736661434469,-0.11297780053303413,-0.1104319905297397,-0.11765762149595367,-0.11305345674541194,0.0024490447014364424
162,1.5400015354156493,0.1840167527936625,0.37029142379760743,0.06102378762105721,436,2,"{'columntransformer__countvectorizer__max_features': 436, 'decisiontreeregressor__max_depth': 2}",-0.11922003640599792,-0.11876556537221093,-0.108374506737243,-0.12559095839237908,-0.10930529868007965,-0.11625127311758213,0.006521578820093632,-0.1118825045539875,-0.11231736661434469,-0.11297780053303413,-0.1104319905297397,-0.11765762149595367,-0.11305345674541194,0.0024490447014364424
162,1.4977493286132812,0.13940635266414722,0.36638741493225097,0.055947318142191935,335,2,"{'columntransformer__countvectorizer__max_features': 335, 'decisiontreeregressor__max_depth': 2}",-0.11922003640599792,-0.11876556537221093,-0.108374506737243,-0.12559095839237908,-0.10930529868007965,-0.11625127311758213,0.006521578820093632,-0.1118825045539875,-0.11231736661434469,-0.11297780053303413,-0.1104319905297397,-0.11765762149595367,-0.11305345674541194,0.0024490447014364424
162,1.356432056427002,0.16446362111802482,0.33463058471679685,0.056086089873443254,308,2,"{'columntransformer__countvectorizer__max_features': 308, 'decisiontreeregressor__max_depth': 2}",-0.11922003640599792,-0.11876556537221093,-0.108374506737243,-0.12559095839237908,-0.10930529868007965,-0.11625127311758213,0.006521578820093632,-0.1118825045539875,-0.11231736661434469,-0.11297780053303413,-0.1104319905297397,-0.11765762149595367,-0.11305345674541194,0.0024490447014364424
168,1.434216022491455,0.066396761998182,0.3380597591400146,0.02214709563936437,247,25,"{'columntransformer__countvectorizer__max_features': 247, 'decisiontreeregressor__max_depth': 25}",-0.11423436789286351,-0.11596096620731837,-0.11914512654172772,-0.11818482010789869,-0.11387510818028292,-0.11628007778601823,0.0020931883649818596,-0.03272185453217104,-0.037066443449117616,-0.03481613128341263,-0.03274403862269006,-0.03902191756883316,-0.0352740770912449,0.002465097742995473
169,1.6571772575378418,0.2167979159140575,0.3822746753692627,0.06330037524458851,342,27,"{'columntransformer__countvectorizer__max_features': 342, 'decisiontreeregressor__max_depth': 27}",-0.11590054231859817,-0.11081860291710258,-0.11656892419582669,-0.12184411701002508,-0.11636502387651354,-0.1162994420636132,0.003493395500415879,-0.02817533245321355,-0.03275350529974777,-0.03020000003895225,-0.028458185056791697,-0.036270793840152894,-0.03117156333777163,0.0030261674950459202
170,1.6881550312042237,0.1322536060876526,0.3840388298034668,0.04940682347813124,196,28,"{'columntransformer__countvectorizer__max_features': 196, 'decisiontreeregressor__max_depth': 28}",-0.11508886906133087,-0.11382565576754844,-0.11553498022811119,-0.12067787925847533,-0.11672214008351633,-0.11636990487979644,0.002344954940865669,-0.02655220739051522,-0.03333493681621769,-0.028281387506542698,-0.025476914314872496,-0.032818996516415934,-0.029292888508912807,0.003220798612744434
171,1.650922966003418,0.12547553979753728,0.3939537048339844,0.07690608865794346,434,28,"{'columntransformer__countvectorizer__max_features': 434, 'decisiontreeregressor__max_depth': 28}",-0.11390199752658167,-0.11315175957610081,-0.11736925012081527,-0.12043567468941307,-0.1173265013149653,-0.11643703664557523,0.00264078565298972,-0.02673344008746809,-0.030913116756033147,-0.028501684327289896,-0.026279940702936738,-0.035569490105862044,-0.029599534395917983,0.003400157156370742
172,1.525489091873169,0.22121862588775618,0.37262306213378904,0.06644416778193045,339,24,"{'columntransformer__countvectorizer__max_features': 339, 'decisiontreeregressor__max_depth': 24}",-0.11690346133657618,-0.11373661659147175,-0.1167151632176861,-0.1183187552629376,-0.11789336739093108,-0.11671347275992054,0.0016041729594603535,-0.035616069493841294,-0.039526241957518866,-0.0370723552008216,-0.03582674126094634,-0.04126891704772634,-0.03786206499217089,0.0021994001875235325
173,1.8827812194824218,0.13088954040998635,0.4659269332885742,0.07435916579566698,390,25,"{'columntransformer__countvectorizer__max_features': 390, 'decisiontreeregressor__max_depth': 25}",-0.11565693445934916,-0.1165863294339001,-0.11672692017099967,-0.1169847617550903,-0.11769003946318925,-0.1167289970565057,0.0006570684385513498,-0.033115936913490594,-0.037494081695172356,-0.03489012417105749,-0.03319816042799535,-0.04023404867977902,-0.03578647037749897,0.002732450294737255
174,1.4848786830902099,0.1295813875491203,0.34235281944274903,0.06245813042841488,121,24,"{'columntransformer__countvectorizer__max_features': 121, 'decisiontreeregressor__max_depth': 24}",-0.11179108685511234,-0.11180407609681416,-0.12131401363161055,-0.12512458127106293,-0.11424869593813801,-0.11685649075854761,0.005407709965066855,-0.03123953220923898,-0.041407187468030876,-0.03396985649943487,-0.034341578600668415,-0.04002339234862961,-0.03619630942520055,0.0038669515929437093
175,1.315044069290161,0.21052316814479816,0.3576333522796631,0.08827376535617934,268,28,"{'columntransformer__countvectorizer__max_features': 268, 'decisiontreeregressor__max_depth': 28}",-0.11324098096858082,-0.11630237472457404,-0.11601639774109399,-0.12000885920110893,-0.11947746156742703,-0.11700921484055696,0.002480927385110382,-0.02690145576986941,-0.03155097248560592,-0.028671200115959094,-0.026089365269258917,-0.033747329463906246,-0.029392064620919915,0.0028726230560817178
176,1.3277234077453612,0.20906120326712016,0.29380178451538086,0.06327661746058677,184,26,"{'columntransformer__countvectorizer__max_features': 184, 'decisiontreeregressor__max_depth': 26}",-0.11367992837369428,-0.11325201840236587,-0.12244634088210647,-0.11970918437329046,-0.11647337282389694,-0.11711216897107082,0.003529503574862753,-0.029583771907885185,-0.036488504287775746,-0.03204647640176722,-0.029790766472812237,-0.03695879187918472,-0.032973662189885025,0.0031848776544504066
177,1.086043930053711,0.17255902502421858,0.2705113887786865,0.09049264300689111,260,29,"{'columntransformer__countvectorizer__max_features': 260, 'decisiontreeregressor__max_depth': 29}",-0.11418567125744196,-0.11636067864901076,-0.11449242404078568,-0.11955379783770415,-0.12132684927137885,-0.11718388421126429,0.002817500887296446,-0.02357318961647273,-0.03048794649590457,-0.02665486821578996,-0.02335977740988424,-0.03156373452336412,-0.02712790325228312,0.0034066116070672605
178,1.3152847290039062,0.15566761914965063,0.3115365505218506,0.039612189160544854,103,18,"{'columntransformer__countvectorizer__max_features': 103, 'decisiontreeregressor__max_depth': 18}",-0.11998992269317965,-0.11955954752106367,-0.115933115019378,-0.12012985758948486,-0.11083330005725932,-0.11728914857607309,0.0035786960475759607,-0.048293992076129846,-0.0557578365355411,-0.05026080020889592,-0.052691915706962335,-0.054421529606272924,-0.05228521482676043,0.002713538706766129
179,1.1735384464263916,0.06718687161954075,0.3441337585449219,0.04935415851619944,158,24,"{'columntransformer__countvectorizer__max_features': 158, 'decisiontreeregressor__max_depth': 24}",-0.11648161599853481,-0.11454108819848015,-0.12074032231589607,-0.12127166956203646,-0.11359451249977241,-0.11732584171494398,0.003150194346159161,-0.032108986993909405,-0.04104056439531881,-0.035236116400951506,-0.03401234844391151,-0.04023466800698577,-0.0365265368482154,0.003510776448735632
180,0.9701402664184571,0.08152974814035684,0.213346529006958,0.052212449837612404,126,29,"{'columntransformer__countvectorizer__max_features': 126, 'decisiontreeregressor__max_depth': 29}",-0.11661380833335197,-0.11656100411032821,-0.1211822981808941,-0.11679618329888468,-0.11562595653469046,-0.1173558500916299,0.0019560096994695906,-0.02273376487958911,-0.028735278124708122,-0.02471979070550162,-0.02360541260183755,-0.030109689534774935,-0.02598078716928227,0.0029124122419186623
181,1.4281615257263183,0.1743175263383182,0.34986104965209963,0.07114996393362329,175,29,"{'columntransformer__countvectorizer__max_features': 175, 'decisiontreeregressor__max_depth': 29}",-0.11201056139370612,-0.11476501322789227,-0.12326592417889752,-0.11768601886881146,-0.11915970629376628,-0.11737744479261474,0.003835990083394483,-0.02472546656253997,-0.03030925500445423,-0.024804143923833597,-0.023851878868060686,-0.03140076440412544,-0.02701830175260278,0.003169295637238809
182,1.2700387477874755,0.050232736832023,0.2907369136810303,0.04025045648015899,159,29,"{'columntransformer__countvectorizer__max_features': 159, 'decisiontreeregressor__max_depth': 29}",-0.12026370130856119,-0.11663632818911454,-0.1155805624364015,-0.11687973621072158,-0.11777412696408707,-0.11742689102177717,0.0015812250078758342,-0.022587731212078438,-0.030088729714611098,-0.02574980770520368,-0.023791036838509673,-0.030738789060784748,-0.02659121890623753,0.0032866951845437055
183,1.5506115913391114,0.2593635002405539,0.36334805488586425,0.06446188204355974,137,27,"{'columntransformer__countvectorizer__max_features': 137, 'decisiontreeregressor__max_depth': 27}",-0.1132154513273589,-0.11183349989502456,-0.12337642661541107,-0.12131966020844183,-0.11762183763495843,-0.11747337513623894,0.004463184393112692,-0.02481004644271975,-0.034692158641563144,-0.028537019886527373,-0.027301245462634235,-0.03542114549567453,-0.030152323185823802,0.004186845214006961
184,1.591313648223877,0.2979735879355452,0.34963159561157225,0.14303146005517944,392,28,"{'columntransformer__countvectorizer__max_features': 392, 'decisiontreeregressor__max_depth': 28}",-0.11618194546680374,-0.11371214291554885,-0.12087790398389321,-0.1225242979600829,-0.1156405813027741,-0.11778737432582057,0.0033401632366305096,-0.02699377003529804,-0.0313621277499354,-0.028236244557174755,-0.02608021913035361,-0.035569490105862044,-0.02964837031572477,0.0034574362987894723
185,1.2337650299072265,0.23366492231742303,0.27273898124694823,0.07499681121586514,153,29,"{'columntransformer__countvectorizer__max_features': 153, 'decisiontreeregressor__max_depth': 29}",-0.11760658935930933,-0.1143094331897115,-0.11803950163573544,-0.12276634289851372,-0.11637127901680622,-0.11781862922001525,0.0027922355044223608,-0.02261859686048578,-0.0297799753772573,-0.02516860824919141,-0.023852850544210057,-0.03090283398753605,-0.02646457300373612,0.0032857938098345835
186,1.2962564468383788,0.14488456540456832,0.26048054695129397,0.026840272656970535,168,23,"{'columntransformer__countvectorizer__max_features': 168, 'decisiontreeregressor__max_depth': 23}",-0.11749713764800865,-0.11756200603707896,-0.12176614445736518,-0.12024557356794821,-0.11312045915867038,-0.11803826417381429,0.002948686218187044,-0.035042133301923184,-0.043102420593607395,-0.03758651748365294,-0.03711822064603618,-0.04251520639513353,-0.03907289968407064,0.00317375783790517
187,1.5132933616638184,0.16972434957157154,0.3558966159820557,0.03348865776549167,116,27,"{'columntransformer__countvectorizer__max_features': 116, 'decisiontreeregressor__max_depth': 27}",-0.11861602744473583,-0.11610565921150785,-0.12189974428834285,-0.12044971149868447,-0.11416312104236978,-0.11824685269712816,0.002814038650835157,-0.024723140436095213,-0.03141038402015929,-0.02810161449504172,-0.027012643189102115,-0.03296609212201392,-0.02884277485248245,0.00298209491628237
188,1.9190014839172362,0.3345406528438687,0.46840243339538573,0.09690436285276978,156,26,"{'columntransformer__countvectorizer__max_features': 156, 'decisiontreeregressor__max_depth': 26}",-0.12091309794576012,-0.11546438962288559,-0.1198157202803123,-0.11944066566955082,-0.11562582153329938,-0.11825193901036164,0.0022630587443067704,-0.02764908010463586,-0.03633020417411047,-0.031591583139358,-0.029758688996385303,-0.035994093822302876,-0.032264730047358504,0.0034197610133992126
189,1.5773679733276367,0.2168563180634762,0.3543755531311035,0.05476469591223003,137,26,"{'columntransformer__countvectorizer__max_features': 137, 'decisiontreeregressor__max_depth': 26}",-0.11714720443592934,-0.11324215769991212,-0.12301265971910653,-0.1238748268993523,-0.11423866745414966,-0.11830310324169,0.00439756607291735,-0.02651923669256167,-0.03707478991638201,-0.03134014233816935,-0.029509131658686842,-0.036169469070558964,-0.03212255393527176,0.003993531553657802
190,1.335105800628662,0.23540879313370208,0.34172210693359373,0.059981078751953146,150,28,"{'columntransformer__countvectorizer__max_features': 150, 'decisiontreeregressor__max_depth': 28}",-0.1224162240288216,-0.11563409254678379,-0.11812716446462382,-0.12316183870556065,-0.11469571169986206,-0.11880700628913037,0.0034474143293245414,-0.02412155064537399,-0.03237360518280688,-0.027781648290778883,-0.024717016366699422,-0.03224813274111117,-0.02824839064535407,0.0035421629809910507
191,1.310136079788208,0.15618306516724703,0.33527889251708987,0.04952986601564013,435,1,"{'columntransformer__countvectorizer__max_features': 435, 'decisiontreeregressor__max_depth': 1}",-0.12279427803082231,-0.12204839215724057,-0.11191374664272487,-0.1293853663359514,-0.10870838438248467,-0.11897003350984477,0.007585155544363434,-0.11747247668006595,-0.11725437759363051,-0.11972784224313633,-0.11552029179400927,-0.12071568239777347,-0.1181381341417231,0.001857318007773972
191,1.2329318046569824,0.1523474061099343,0.3208323955535889,0.05587832485523995,368,1,"{'columntransformer__countvectorizer__max_features': 368, 'decisiontreeregressor__max_depth': 1}",-0.12279427803082231,-0.12204839215724057,-0.11191374664272487,-0.1293853663359514,-0.10870838438248467,-0.11897003350984477,0.007585155544363434,-0.11747247668006595,-0.11725437759363051,-0.11972784224313633,-0.11552029179400927,-0.12071568239777347,-0.1181381341417231,0.001857318007773972
191,1.3050537586212159,0.15992842071625424,0.2990265846252441,0.04817210482456197,288,1,"{'columntransformer__countvectorizer__max_features': 288, 'decisiontreeregressor__max_depth': 1}",-0.12279427803082231,-0.12204839215724057,-0.11191374664272487,-0.1293853663359514,-0.10870838438248467,-0.11897003350984477,0.007585155544363434,-0.11747247668006595,-0.11725437759363051,-0.11972784224313633,-0.11552029179400927,-0.12071568239777347,-0.1181381341417231,0.001857318007773972
191,1.195491361618042,0.05751148063845274,0.271452522277832,0.014712124727715954,431,1,"{'columntransformer__countvectorizer__max_features': 431, 'decisiontreeregressor__max_depth': 1}",-0.12279427803082231,-0.12204839215724057,-0.11191374664272487,-0.1293853663359514,-0.10870838438248467,-0.11897003350984477,0.007585155544363434,-0.11747247668006595,-0.11725437759363051,-0.11972784224313633,-0.11552029179400927,-0.12071568239777347,-0.1181381341417231,0.001857318007773972
191,1.128675889968872,0.09125853168522931,0.2865255355834961,0.04894164958841788,158,1,"{'columntransformer__countvectorizer__max_features': 158, 'decisiontreeregressor__max_depth': 1}",-0.12279427803082231,-0.12204839215724057,-0.11191374664272487,-0.1293853663359514,-0.10870838438248467,-0.11897003350984477,0.007585155544363434,-0.11747247668006595,-0.11725437759363051,-0.11972784224313633,-0.11552029179400927,-0.12071568239777347,-0.1181381341417231,0.001857318007773972
191,1.198832130432129,0.17108566522011112,0.3471692562103271,0.026096091670192535,113,1,"{'columntransformer__countvectorizer__max_features': 113, 'decisiontreeregressor__max_depth': 1}",-0.12279427803082231,-0.12204839215724057,-0.11191374664272487,-0.1293853663359514,-0.10870838438248467,-0.11897003350984477,0.007585155544363434,-0.11747247668006595,-0.11725437759363051,-0.11972784224313633,-0.11552029179400927,-0.12071568239777347,-0.1181381341417231,0.001857318007773972
191,1.1922418117523192,0.057509330580150037,0.2882505416870117,0.013497061240959016,320,1,"{'columntransformer__countvectorizer__max_features': 320, 'decisiontreeregressor__max_depth': 1}",-0.12279427803082231,-0.12204839215724057,-0.11191374664272487,-0.1293853663359514,-0.10870838438248467,-0.11897003350984477,0.007585155544363434,-0.11747247668006595,-0.11725437759363051,-0.11972784224313633,-0.11552029179400927,-0.12071568239777347,-0.1181381341417231,0.001857318007773972
191,0.9940649032592773,0.053414536672641615,0.24113116264343262,0.04314590090129377,138,1,"{'columntransformer__countvectorizer__max_features': 138, 'decisiontreeregressor__max_depth': 1}",-0.12279427803082231,-0.12204839215724057,-0.11191374664272487,-0.1293853663359514,-0.10870838438248467,-0.11897003350984477,0.007585155544363434,-0.11747247668006595,-0.11725437759363051,-0.11972784224313633,-0.11552029179400927,-0.12071568239777347,-0.1181381341417231,0.001857318007773972
199,1.6111785411834716,0.2704667817331978,0.3660231113433838,0.07514493759534158,159,28,"{'columntransformer__countvectorizer__max_features': 159, 'decisiontreeregressor__max_depth': 28}",-0.11962094718125602,-0.11630678380664491,-0.12346769522895877,-0.12010649352275186,-0.1154945491919851,-0.11899929378631935,0.0028674657910613744,-0.023891739317827593,-0.03212232133624811,-0.026946533789854867,-0.02537868202623899,-0.03249210355535505,-0.028166276005104917,0.0035183289729675753
200,1.5368080139160156,0.13756464588412062,0.3403772354125977,0.062401114678344534,156,28,"{'columntransformer__countvectorizer__max_features': 156, 'decisiontreeregressor__max_depth': 28}",-0.11942603786521992,-0.11680319448381277,-0.1195924241914558,-0.12266793916866435,-0.12095219454532798,-0.11988835805089618,0.001932737453253501,-0.02377071909511246,-0.03284941478046863,-0.027074062172499688,-0.025434518920466852,-0.032227554617901735,-0.028271253917289872,0.003642719295373425
